Time,gearbox_temp_input_shaft1,gearbox_temp_output_shaft2,gearbox_oil_temp_gearbox,generator_winding_temp_u1,generator_winding_temp_v1,generator_winding_temp_w1,generator_bearing_temp_a,generator_bearing_temp_b,nacelle_temp,grid_power,tower_base_cabinet_temperature,topbox_cabinet_temperature,main_bearing_rotor_side_temp,main_bearing_gearbox_side_temp,备注
2026-1-5 0:00:00,39.4,38.3,42.2,32.6,32.6,33.3,34.2,46.3,26.5,73.9,30,31.3,34.5,38.9,,
2026-1-5 0:10:00,39.4,37.5,41.5,33.5,32.7,34,34.3,46,25.9,22.8,30.4,30.7,34.7,38.6,,
2026-1-5 0:20:00,38.7,38,41.7,32.8,31.6,33.9,34,45.8,25.7,-1.8,30.3,30.7,34.9,38.5,,
2026-1-5 0:30:00,38.8,38.7,41.9,32.9,31.7,34.3,34.1,45.8,25.7,45.4,30,30.7,34.9,38.8,,
2026-1-5 0:40:00,39,37.9,42.7,33,32,34.6,34.1,46.5,26.6,63.2,30,31,34.6,38.7,,
2026-1-5 0:50:00,39.7,37.9,42.5,32.9,32.1,34.4,34.5,46.8,25.9,96.6,30.3,31.2,34.9,38.5,,
2026-1-5 1:00:00,39.5,38.8,42.7,33.6,32.4,35.3,34,46.5,26.2,72.4,29.9,31.3,34.7,38.9,,
2026-1-5 1:10:00,39.5,39,42.4,33.4,33.4,34.1,34.2,47,26.7,-1.8,30.2,31.2,34.9,38.5,,
2026-1-5 1:20:00,39.4,38.3,42.3,34.1,33.5,35,34.1,47.1,26.6,43.9,30.2,31.4,34.7,38.7,,
2026-1-5 1:30:00,40.1,39,42.4,34.1,33.5,35.5,34.7,46.3,27,114.8,30.1,31.6,34.7,39,,
2026-1-5 1:40:00,40.1,39,42.4,34.1,33.5,35.5,34.7,46.3,27,114.8,30.1,31.6,34.7,39,此时间点无数据,
2026-1-5 1:50:00,40.4,39.6,42.8,34.2,33.1,35.5,34.4,46.7,27.2,0,30.6,31.5,34.7,38.8,,
2026-1-5 2:00:00,39.7,39.1,42.7,34.5,33.5,36.4,34.3,47.3,27.2,107.8,30.7,31.4,35.2,39.3,,
2026-1-5 2:10:00,39.9,39.7,43.6,34.4,34.5,36.8,35,47.4,27.2,0,30.5,32.1,34.9,39.1,,
2026-1-5 2:20:00,40.6,39.9,43.5,35.5,35,35.6,35.1,47.5,27.5,75.2,31.1,32,35.3,39.3,,
2026-1-5 2:30:00,40.7,40,43.1,35.3,34.6,37.1,34.6,48.2,27.4,149.8,31.3,32.3,35.5,39,,
2026-1-5 2:40:00,40.8,39.4,43.4,35.4,34.5,37,34.8,47.6,27.6,161.4,30.9,32.3,35.3,39.2,,
2026-1-5 2:50:00,40.8,40.3,44.2,36.8,35,36.4,35.4,47.9,28.1,182.9,31.1,32.3,35.1,39.5,,
2026-1-5 3:00:00,41.6,40.3,43.7,36.2,36,37.4,35.2,48.1,27.5,167,31.2,32.1,35.3,39.8,,
2026-1-5 3:10:00,41.8,40.2,44.6,36.6,35.8,38.3,35.3,48.9,27.9,140.4,31.1,32.4,35.5,39.8,,
2026-1-5 3:20:00,41.7,40.4,44.7,37.6,36.8,38.4,35.8,48.8,28.5,210.9,31.3,32.5,35.3,39.6,,
2026-1-5 3:30:00,41.8,41,44.7,38.1,35.9,38.1,35.4,48.5,28.4,206.9,31.8,32.6,36,39.4,,
2026-1-5 3:40:00,42.1,41.8,44.9,38.4,36.5,38.8,35.7,49.3,29.2,-1.8,31.7,32.8,35.7,40,,
2026-1-5 3:50:00,42.6,41.2,44.9,38.8,37.5,38.5,35.9,49.6,29.1,231.6,32,33.2,36,40.3,,
2026-1-5 4:00:00,42.9,41.3,45.5,39.2,37.9,39.1,36.3,49.9,29.6,176.6,31.6,33.5,36.4,40.3,,
2026-1-5 4:10:00,43.2,42.4,45.4,39.6,38.3,40.6,35.8,50.2,29.7,274.1,32.4,33,36.5,39.9,,
2026-1-5 4:20:00,43.3,42.3,45.7,40.1,38.8,40.6,36.3,49.9,29.9,216.4,31.9,33.5,36.4,40.1,,
2026-1-5 4:30:00,43.3,42.7,46.3,40.2,39.3,40.7,36.2,50.8,29.3,206.2,32.2,33.8,36.4,40.7,,
2026-1-5 4:40:00,44.1,42.7,46.2,40.5,39.3,41.8,36.7,50.4,30.3,223.3,32.5,34,36.4,40.7,,
2026-1-5 4:50:00,44.4,43.6,46.5,40.1,39.5,41.6,36.9,51.5,30.4,324.4,32.8,34.3,36.4,40.3,,
2026-1-5 5:00:00,44.1,44,47,41.3,40,42.2,36.6,51,30,341.9,32.8,34.3,37.1,40.5,,
2026-1-5 5:10:00,44.4,43.1,46.7,41.6,41.2,42.6,37.2,51.7,30.8,321.9,33.2,34.7,36.9,41,,
2026-1-5 5:20:00,45.4,44.3,47.5,42.3,41.2,42.3,36.8,52,30.9,0,32.8,34.5,37,41,,
2026-1-5 5:30:00,45.1,44.8,47.5,42.7,41.5,42.7,36.9,52.7,31.7,363.9,33.4,34.6,36.9,40.8,,
2026-1-5 5:40:00,45.2,44.6,47.4,43.4,41.3,44.6,37.6,52.8,31.4,300.9,33,34.5,36.9,41.6,,
2026-1-5 5:50:00,45.6,45.1,47.7,43.1,42.9,44.6,37.5,52.6,32.1,-1.8,33.4,35.2,37.3,41.4,,
2026-1-5 6:00:00,46.3,45.5,47.5,43,42.3,45,37.2,53.1,32,395.7,33.8,35.3,37.3,41.8,,
2026-1-5 6:10:00,46.4,45.3,47.8,44.7,43.8,44.8,38,53.5,31.8,400.7,33.6,35.3,37.9,41.6,,
2026-1-5 6:20:00,47.2,45.2,48.1,44.6,43,45.9,37.7,53.7,32.8,445.1,34.1,35.7,38,41.8,,
2026-1-5 6:30:00,46.7,46.1,48.3,45.2,44.6,46.6,37.7,54.1,33.1,370.4,33.6,35.5,37.8,42.1,,
2026-1-5 6:40:00,47.4,46.1,49.4,45.5,44.5,46,37.8,54,33,460.1,34.2,36.2,37.9,41.9,,
2026-1-5 6:50:00,47.6,47.2,48.6,45.4,44.3,47.2,38.3,54.6,33.3,426.5,34.5,35.8,38.4,41.9,,
2026-1-5 7:00:00,48.3,46.9,49.3,46.6,45.3,47.4,38.1,55,33.5,420,34.5,36.2,37.9,42.3,,
2026-1-5 7:10:00,48.3,47.3,49.5,46.2,45.8,48.1,38.8,54.9,33.9,436.9,34.4,36.2,38.4,42.4,,
2026-1-5 7:20:00,48.2,47.1,49.6,47.1,45.6,48.5,38.5,55.3,33.7,459.7,34.8,36.2,38.2,42.5,,
2026-1-5 7:30:00,49,47.7,50.2,47.6,46.9,48.4,39.3,55.9,33.7,545,35.3,36.4,38.2,42.5,,
2026-1-5 7:40:00,48.5,48.2,50.3,48.1,46.7,48.5,39,55.8,34,562.5,34.9,37.2,38.3,42.4,,
2026-1-5 7:50:00,49.6,47.7,50.4,48.1,47,49.3,38.8,56,34.6,533.6,34.7,37.3,39,42.4,,
2026-1-5 8:00:00,49.5,48,50.6,48.4,48.3,49.6,39,56.1,34.7,497.8,35.2,37.1,38.5,42.9,,
2026-1-5 8:10:00,49.5,48.3,51.4,49.2,48.4,49.5,39.7,56.6,35.4,539.7,35.8,37.3,38.6,43,,
2026-1-5 8:20:00,50.5,49.2,51.4,50.1,48.8,51,39.8,57.3,34.8,560.1,35.1,37.4,39.1,43.3,,
2026-1-5 8:30:00,50.7,49.7,51.5,49.3,49.1,51.4,39.7,56.8,35.1,572.1,35.3,37.6,39,43,,
2026-1-5 8:40:00,50.1,49.4,51.5,49.6,48.7,51.2,39.8,57.1,35.1,552,35.7,37.8,39.5,43.4,,
2026-1-5 8:50:00,50.4,49.4,51.2,51.1,49.8,51.6,39.9,57.7,35.9,634.4,35.9,38.2,39.2,43.4,,
2026-1-5 9:00:00,50.6,49.8,52.3,50.6,50.5,51.5,40.1,57.6,36.3,610.3,36.2,37.9,39.3,43.2,,
2026-1-5 9:10:00,50.9,50.6,52.5,51.8,50.3,51.9,40.3,57.7,36.5,608.5,36.2,37.8,39.4,43.9,,
2026-1-5 9:20:00,51.3,50.9,52.5,52,50.6,51.9,40,58.5,36.5,603.5,36.4,38.5,40,44,,
2026-1-5 9:30:00,51.7,51,51.8,51.8,50.3,52.9,40.1,58.2,36.4,596.3,36.5,38.5,40.1,43.5,,
2026-1-5 9:40:00,51.8,51,53,52.2,51.2,52.3,40.4,58.4,36.2,686.6,36.4,38.7,40,44.1,,
2026-1-5 9:50:00,51.9,50.3,52.5,52.8,51.3,53.7,40.2,58.5,36.6,616.1,36.4,38.3,39.8,43.8,,
2026-1-5 10:00:00,51.9,51.3,52.4,53,51.3,53.7,40.4,59,36.7,604,36.5,38.8,40.1,43.6,,
2026-1-5 10:10:00,51.7,50.7,52.7,52.8,52.3,53.7,40.2,59.1,36.7,0,36.9,38.4,39.6,44.2,,
2026-1-5 10:20:00,52.2,51.3,53.7,52.6,52.3,53.9,40.5,59.3,37.4,616.6,36.8,38.6,39.8,44.4,,
2026-1-5 10:30:00,52.8,51.2,52.9,53.5,51.7,53.5,40.7,59.3,37.5,731,36.4,38.7,40.5,43.8,,
2026-1-5 10:40:00,52.9,52.1,53.3,54,52.6,53.9,40.5,59.5,37.6,723.7,36.8,39.2,40.4,44.5,,
2026-1-5 10:50:00,52.3,51.6,53.6,53.6,51.9,53.7,40.8,60.1,37.5,739.7,37.2,38.8,40.2,44.3,,
2026-1-5 11:00:00,52.3,52.3,53.1,53,52.2,54.6,41.2,59.6,37.7,647.1,37.2,38.6,40.6,44.4,,
2026-1-5 11:10:00,53.3,51.9,53.4,53.4,52.4,54.5,41,60.3,37.9,-1.8,36.8,39.4,40.6,44.6,,
2026-1-5 11:20:00,52.9,51.7,53.1,53.6,52.4,54.3,40.9,59.8,37.5,688.9,36.9,39,40.1,44.5,,
2026-1-5 11:30:00,53.3,51.6,53.2,53.9,52.7,55.2,41.3,60.5,37.5,655.3,37,39.3,40.5,44.1,,
2026-1-5 11:40:00,53.5,52,53.5,54.7,53.4,55.2,41.2,60.6,37.3,0,37,39.1,40.6,44.3,,
2026-1-5 11:50:00,52.9,52.5,53.2,53.7,53.1,54.8,41.2,59.9,38,698.4,37,39.2,40.3,44.4,,
2026-1-5 12:00:00,53.3,51.9,54.4,53.5,52.9,55.3,41,60.1,37.6,751,37.4,39,40.3,44.6,,
2026-1-5 12:10:00,52.9,52.6,53.2,54.1,53.6,55.1,40.9,60.4,37.7,754,37,39.3,40,44.4,,
2026-1-5 12:20:00,53.5,52.5,54.2,53.8,53.5,55.7,40.8,60.6,38,694,37.2,39.6,40.7,44.3,,
2026-1-5 12:30:00,53.1,51.7,54.1,54.8,53.2,54.8,40.9,60.3,37.7,659.7,37.2,39.5,40.3,44.2,,
2026-1-5 12:40:00,52.7,52,53.4,54.2,52.6,55.7,40.8,59.7,37.7,725.9,36.8,39.3,40.4,44.2,,
2026-1-5 12:50:00,53.2,52.6,53.6,53.7,53.3,54.5,41.3,60.6,37.5,658.9,37.1,39.4,40.2,44.2,,
2026-1-5 13:00:00,52.8,52.1,53.2,53.5,52.7,55.8,40.8,59.9,37.3,0,37.4,38.8,40.5,44,,
2026-1-5 13:10:00,53.5,51.7,53.2,53.5,52.7,55.5,41.4,60.2,37.3,721.5,36.7,38.9,40.1,44.4,,
2026-1-5 13:20:00,53.1,52.4,54,54.5,53,54.7,41.2,59.7,37.5,-1.8,37.3,39,40,44.1,,
2026-1-5 13:30:00,53.3,52.1,54.1,54.3,53.3,54.8,41.1,59.9,38,618.2,36.9,38.7,39.9,44.4,,
2026-1-5 13:40:00,53.2,51.8,53.6,53.7,52.9,55.1,41.2,59.4,37.1,719.8,37.1,39.1,40.5,43.8,,
2026-1-5 13:50:00,53.1,51.6,53.4,54.2,52.1,54.3,40.6,59.8,37.4,699.1,37.2,39.1,40.6,44.3,,
2026-1-5 14:00:00,52.2,51.7,53.3,53.3,51.9,53.8,40.5,59.4,37.8,690.7,37,38.7,40,43.9,,
2026-1-5 14:10:00,52.9,51.4,53.8,53.1,52.8,53.7,40.9,59.3,36.8,633.9,36.7,38.9,40.4,44.4,,
2026-1-5 14:20:00,51.9,51.1,52.6,53.5,52.3,54.5,40.8,58.9,37,657,36.6,38.4,40.3,44.3,,
2026-1-5 14:30:00,52.6,51.5,53,52.9,51.5,53.6,41,59.1,36.9,-1.8,36.3,39,40.2,44.1,,
2026-1-5 14:40:00,52,51.1,52.9,51.9,51.2,54.3,40.7,59.2,37.2,0,36.7,38.7,39.9,44.1,,
2026-1-5 14:50:00,52,50.7,53.2,52.2,51.3,53.1,40.7,58.8,37.1,-1.8,36.4,38.6,40.1,43.5,,
2026-1-5 15:00:00,52.2,50.6,52.4,51.8,51,53.6,40.2,59.1,36.7,554.3,36.2,38.7,39.4,43.5,,
2026-1-5 15:10:00,51.1,50.9,52,51.6,50.8,53.6,40,58.9,36.7,637.4,36.1,38,39.4,44,,
2026-1-5 15:20:00,50.9,50.2,52.9,51.8,51.1,53,40,58.1,35.9,0,36.3,37.9,39.7,43.9,,
2026-1-5 15:30:00,50.9,50.1,52.5,52,49.9,53,40,58.1,36.5,518.3,36.2,38.1,39.9,43.6,,
2026-1-5 15:40:00,50.8,49.7,52.1,50.4,49.7,52.3,40,58.4,35.6,622.2,35.7,37.8,39.3,43.6,,
2026-1-5 15:50:00,50.7,50.3,52.3,50.6,50.2,51.5,39.9,57.7,35.3,605.3,35.6,38.1,39.4,43.5,,
2026-1-5 16:00:00,50.4,49.6,51.6,50.1,50,52,39.7,57.3,35.3,601.4,36.2,37.8,39.5,43.6,,
2026-1-5 16:10:00,50,49.5,51.4,50,48.8,51.8,39.4,57.4,35.9,519.1,35.4,37.5,39.5,43,,
2026-1-5 16:20:00,50.1,48.7,50.9,50.4,48.6,51.5,39.3,57.4,35,0,35.3,37.7,38.8,43,,
2026-1-5 16:30:00,49.9,49.4,51.3,49,48.3,50.1,39.1,56.9,35.5,484.2,35.5,37.1,38.9,43,,
2026-1-5 16:40:00,49.2,48.6,50.9,49.1,47.8,50.6,39,57,35.2,-1.8,35.5,36.9,38.9,42.9,,
2026-1-5 16:50:00,49.9,49,51.3,48.2,47.8,49.9,39.2,56.3,35.1,0,35.2,37.3,38.8,42.9,,
2026-1-5 17:00:00,49,48.3,50.1,48.2,47.3,49.4,39.4,56.7,34.5,489,34.8,36.7,39.2,42.5,,
2026-1-5 17:10:00,49.5,48,49.9,47.8,46.4,49.5,39.2,56.5,34.6,436.5,34.7,36.4,38.8,42.8,,
2026-1-5 17:20:00,49,47.4,50.4,47.9,46,48.6,39.3,55.5,34.4,495.2,34.5,36.5,38.7,42.8,,
2026-1-5 17:30:00,48.7,48.1,50.3,46.9,45.8,47.8,39.1,55.4,34,418.5,34.6,36.4,38.1,42.8,,
2026-1-5 17:40:00,48.7,47.4,49.8,46.3,46.3,47.7,38.7,55.4,34,451,34.8,36.8,38.3,42.3,,
2026-1-5 17:50:00,47.9,47.2,48.9,46.6,45.4,47.4,38.9,55,33.8,417.5,34.5,35.9,38.6,42.3,,
2026-1-5 18:00:00,48.2,46.2,49.7,46.4,45.1,47.7,38.6,54.9,33.3,419.8,34.7,35.8,38,42.5,,
2026-1-5 18:10:00,47.6,46.5,49.6,46.1,44.8,47.1,38.2,54.9,33.4,375.6,34.5,35.7,37.7,42.4,,
2026-1-5 18:20:00,47.7,46.7,48.7,45.3,44.9,45.9,38.1,53.8,32.6,312.9,34,35.6,38,41.8,,
2026-1-5 18:30:00,46.8,45.6,48.9,45.3,43.9,45.6,38.2,53.5,32.9,305.7,33.7,35.5,37.8,42.2,,
2026-1-5 18:40:00,47.2,45.8,48.2,45.1,44.3,45.3,38.3,53.4,32.6,296.7,33.7,35.8,37.4,41.8,,
2026-1-5 18:50:00,46.1,45.4,48.5,44.4,43.7,45.1,37.7,53.9,32,262.9,34,35.8,37.9,41.6,,
2026-1-5 19:00:00,46.8,45.3,48.1,44.1,42.9,45.7,37.3,53.2,32.6,327.6,33.9,35.2,37.2,41.4,,
2026-1-5 19:10:00,46.2,45.2,47.6,43.2,42.8,44.4,37.9,52.6,32.3,270.5,33.8,35.3,37.6,41.8,,
2026-1-5 19:20:00,46,45.1,47.4,43.7,42.7,43.8,37.5,52.8,32,278.9,33.3,34.7,37.2,41.6,,
2026-1-5 19:30:00,45.4,44.1,47.6,42.7,42.1,44.1,37.5,52.5,31.4,241.9,33.7,34.6,37.3,41.6,,
2026-1-5 19:40:00,45.4,44.9,46.8,42.2,41.3,44,37.4,51.9,31.1,278.3,33.1,34.4,37,40.9,,
2026-1-5 19:50:00,45.3,44.6,47.3,41.8,40.5,43.2,37.2,52.4,31.4,0,33.3,34.3,36.8,41.3,,
2026-1-5 20:00:00,44.4,43.8,47.3,42.4,40.5,43.4,37.3,51.6,30.7,227.8,32.8,34.5,36.9,41.4,,
2026-1-5 20:10:00,44.7,43.9,46.3,42.2,40.6,42.3,36.9,51.5,30.6,244.1,33.1,34.3,37.1,40.6,,
2026-1-5 20:20:00,44,43.1,46.1,40.6,40.8,42.5,36.9,51.2,30.7,169.4,32.7,34,37,40.7,,
2026-1-5 20:30:00,44.4,43.3,45.9,41.2,39.4,41.5,36.5,51.1,30.1,-1.8,32.5,34.1,36.7,40.5,,
2026-1-5 20:40:00,43.9,42.8,45.9,40.2,39.8,42.2,36.5,51.2,30.1,242,32.7,34.1,36.9,40.5,,
2026-1-5 20:50:00,43.6,42.5,46.1,39.9,38.8,41.9,36.6,50.8,30.1,224.1,32.6,33.6,36.9,40.9,,
2026-1-5 21:00:00,44.1,42.4,46.1,39.8,38.8,40.5,36.2,51.1,29.9,154.3,32.1,34,36.4,40.7,,
2026-1-5 21:10:00,43.5,42,46.1,40,38.5,41.3,36.3,50.9,29.8,190.6,32.2,34,36.2,40,,
2026-1-5 21:20:00,43.3,41.8,45.9,39.2,38.9,39.9,36.5,50.3,29.9,151,32.4,33.5,36.4,40.6,,
2026-1-5 21:30:00,43.1,42.7,45.4,39.8,38.4,39.9,36.4,50.5,29.5,142.9,31.9,33.4,36,40.5,,
2026-1-5 21:40:00,42.8,42,45.1,39,38.1,40.1,36,49.7,29.7,117.9,32.3,33.2,36,40.1,,
2026-1-5 21:50:00,43.2,42.4,44.8,39.1,37.7,40.5,35.6,50.2,28.8,119.7,31.6,33,36,40.3,,
2026-1-5 22:00:00,43.2,41.3,45.5,39.1,38,39.1,36.2,50,29.5,0,31.9,33.2,36.4,40.5,,
2026-1-5 22:10:00,42.4,41.8,45.1,38.6,38,39.1,36.2,49.5,28.8,159.1,31.7,33.3,36.4,40,,
2026-1-5 22:20:00,42.4,41.6,45,38,38,40.1,35.9,50,29.2,77.3,31.6,32.9,36.1,39.6,,
2026-1-5 22:30:00,42.7,40.9,45.1,37.7,37.3,38.6,35.3,49.2,29,90,31.6,32.7,36.2,40.2,,
2026-1-5 22:40:00,42.6,41.7,44.3,38.5,37.4,38.9,36,49,28.7,89.6,32,33.3,35.9,39.7,,
2026-1-5 22:50:00,42.8,41.6,45.1,37.8,36.5,38.8,35.5,49.3,29.2,103.2,31.6,32.7,35.7,40,,
2026-1-5 23:00:00,41.8,41,44.7,38,37,38.7,35.3,49.7,28.2,53.3,31.9,33.1,35.9,40,,
2026-1-5 23:10:00,42.4,40.7,45,37.5,36.4,37.9,35.9,49,28.5,-1.8,31.9,32.8,35.7,39.8,,
2026-1-5 23:20:00,42.2,40.8,44.2,37.7,36.8,38.8,35.8,49.5,28.2,33.6,31.9,32.8,35.6,40.1,,
2026-1-5 23:30:00,41.7,41.5,44.7,37.3,36.4,38,35.8,48.9,28.9,101.8,31.4,33,36.1,39.4,,
2026-1-5 23:40:00,41.8,41.1,44.3,36.9,36.1,39,35.6,49.4,28.7,27.3,31.1,33.2,35.5,39.9,,
2026-1-5 23:50:00,41.8,40.7,44,38.2,36,38.4,35.4,48.6,28.3,85.8,31.7,32.7,35.6,39.8,,
2026-1-6 0:00:00,42.4,40.5,44.7,38,35.8,38.7,35.4,49.1,28.5,27.5,31.1,32.8,35.5,40,,
2026-1-6 0:10:00,42,40.8,44.3,37.7,36.5,38.4,35.8,49.4,28.5,49,31.7,33.1,35.8,40.1,,
2026-1-6 0:20:00,41.9,40.9,44.3,37.4,36.4,38.9,35.9,49.3,28.3,106.3,31.9,33.2,36.1,40.1,,
2026-1-6 0:30:00,41.7,40.7,44.3,37.7,35.9,39,35.8,49.5,28.5,125.8,31.7,32.4,35.8,39.7,,
2026-1-6 0:40:00,42.4,41,44.2,38.1,36.6,39.3,35.9,49.2,28.1,123.4,31.7,32.7,35.8,40.1,,
2026-1-6 0:50:00,42,40.6,44.6,37.5,36.2,39.1,36,49.6,29,0,31.2,33.1,35.6,39.6,,
2026-1-6 1:00:00,42.2,41.6,44.7,37.8,36.5,38.4,35.8,49.2,28.8,31.1,31.9,33,35.5,40.2,,
2026-1-6 1:10:00,42.6,41.8,44.8,38.3,37.5,38.5,35.8,49.6,29.2,0,32,33.2,35.6,39.7,,
2026-1-6 1:20:00,42.1,41.3,44.3,38.1,36.9,38.7,35.4,49.1,28.4,43.2,31.7,33.3,36.1,40,,
2026-1-6 1:30:00,42.5,42,44.6,38.3,36.5,39.3,35.5,49,28.6,37.2,31.3,32.8,35.7,39.7,,
2026-1-6 1:40:00,42.2,41.7,44.5,37.9,37.8,38.9,35.7,49.6,29.2,0,31.9,33.1,36.3,39.7,,
2026-1-6 1:50:00,42.7,41.3,45.3,38.5,38.1,39.4,35.6,49.5,28.7,58,31.7,33.1,36.2,40.1,,
2026-1-6 2:00:00,43.1,42.1,44.8,39.2,37.5,40.2,35.6,49.4,29.4,141.3,32.1,32.9,35.8,40,,
2026-1-6 2:10:00,43.3,41.5,45.8,38.6,37.4,39.9,35.8,49.4,29.4,148.7,32.2,33.3,36.5,40.5,,
2026-1-6 2:20:00,43.3,42.2,45.8,39,38.5,40.4,36.1,49.7,29.4,142.7,32.3,33.6,36.1,39.9,,
2026-1-6 2:30:00,43.5,42.6,45.9,39.8,38.8,40.8,36.1,50.2,29.7,194.7,31.8,33.3,36.1,40,,
2026-1-6 2:40:00,43.8,42,45.7,38.9,38.1,40.3,35.9,50.7,29.2,93.6,32.1,33.2,36.5,40.5,,
2026-1-6 2:50:00,43.9,42.6,46.2,40.4,38.4,40.4,36.5,50.8,30.2,129.3,32.6,33.7,36.1,40.1,,
2026-1-6 3:00:00,43.4,42.5,45.8,40,39.4,41.1,36.6,50.6,29.5,173.8,32.2,33.5,36.6,40.8,,
2026-1-6 3:10:00,88.5,43,46.3,39.9,39.7,42,36.7,51.3,29.9,211.1,32.6,33.7,36.7,40.9,,
2026-1-6 3:20:00,43.8,43.6,46.8,40.4,40.3,42,36.2,51.4,30.3,-1.8,32.4,34.3,36.8,40.7,,
2026-1-6 3:30:00,44.6,42.7,46.4,40.4,39.7,42,36.2,50.9,30.4,154.1,32.3,33.7,36.5,40.4,,
2026-1-6 3:40:00,44.9,44,46.3,41.6,39.7,42.7,36.9,51,30.9,167.4,32.8,33.8,36.6,40.7,,
2026-1-6 3:50:00,44.3,43.4,46.6,42,40.5,42.2,37,51.5,30.9,232.5,33,34.2,37,41.2,,
2026-1-6 4:00:00,45,43.9,47.4,41.8,41,43.2,36.9,51.6,30.8,174.5,32.9,34.3,36.9,41.1,,
2026-1-6 4:10:00,44.8,44.3,47,42,40.9,43.1,37,52,30.6,296.7,33,34.4,37.1,40.7,,
2026-1-6 4:20:00,45.8,44.8,47.1,41.9,42.2,43.4,37.5,52.6,31.8,304.5,33.3,35.1,37.2,41.4,,
2026-1-6 4:30:00,45.2,44.2,47.2,43.1,42.6,43.3,37.4,53,31.4,220.3,33.5,35.2,36.9,41,,
2026-1-6 4:40:00,45.6,45,48.1,43.6,42.2,43.6,37.2,53.3,31.9,230.2,33.7,34.8,37,41.1,,
2026-1-6 4:50:00,45.6,45.6,47.8,43.1,42.3,44.2,37.7,53.1,32.2,339.7,33.9,35.3,37.7,41.8,,
2026-1-6 5:00:00,46.5,45.1,47.9,43.4,42.7,45.7,37.7,53.7,31.7,353.6,33.5,35.5,37.9,41.2,,
2026-1-6 5:10:00,47,45.2,48.7,44.2,42.6,45.6,38,53.3,32.2,358.1,33.4,35.7,37.5,41.9,,
2026-1-6 5:20:00,46.4,45.2,47.9,44,43.9,45.1,37.8,54.2,32.7,0,33.9,35.8,37.8,41.7,,
2026-1-6 5:30:00,47.3,46.1,49.3,44.7,44,46.1,38.2,54.2,32.5,389.4,33.8,35.8,37.7,41.7,,
2026-1-6 5:40:00,47.2,46.7,48.6,45.1,44.2,46.3,38.3,54.7,33.1,-1.8,34.1,36.1,37.8,42,,
2026-1-6 5:50:00,47.7,46.9,48.9,45.1,44.6,46.1,38.6,54.8,33.5,312.7,34.1,35.7,38.1,42.1,,
2026-1-6 6:00:00,47.9,47,49.9,45.9,45.7,47,38.3,54.5,33.1,0,34.7,36.5,37.8,41.9,,
2026-1-6 6:10:00,47.9,47.3,48.9,46,44.9,46.9,38.4,54.9,33.6,456.4,34.6,36.3,37.9,42.3,,
2026-1-6 6:20:00,48.6,47.7,49.6,47.3,46.4,48.3,38.8,55.7,33.4,467.7,34.5,36.5,38.5,42.2,,
2026-1-6 6:30:00,48.5,47.2,50.1,47.2,46.6,48,38.9,55.8,34.1,477.9,34.6,36.9,38.7,42.2,,
2026-1-6 6:40:00,49,47.2,49.5,47.6,46.4,48.8,39.2,55.5,33.9,496.9,35.1,36.6,38.7,42.8,,
2026-1-6 6:50:00,49.2,48.1,50.3,47.5,46.9,48.3,39,55.7,34,-1.8,34.8,37.1,38.8,42.6,,
2026-1-6 7:00:00,49.6,48,51,48.2,47.3,49.3,38.8,56.6,34.9,518.6,34.9,37.3,39,42.7,,
2026-1-6 7:10:00,49.9,49,50.2,49.3,47.3,49.1,38.9,56.4,34.9,493.5,34.9,37,39.2,43.1,,
2026-1-6 7:20:00,49.3,49.3,51,49,48.5,50.1,39.6,57.2,34.7,0,35.8,37.5,39.3,42.6,,
2026-1-6 7:30:00,49.6,49,50.8,49.5,48.1,51,39.6,57.2,34.8,446.8,35.6,37.2,39.4,43.3,,
2026-1-6 7:40:00,50.3,49.6,51.4,49.4,48.2,51.4,39.9,57.1,34.9,462,35.8,37.7,39.3,43.3,,
2026-1-6 7:50:00,50,49.3,51.4,50.3,49.1,50.9,39.8,57.7,35.3,554.3,35.5,37.9,38.9,43.3,,
2026-1-6 8:00:00,50.6,50.1,52.1,49.9,49.3,52,39.6,57.9,35.9,596.6,35.5,37.4,39,43.5,,
2026-1-6 8:10:00,50.9,49.9,51.9,51.3,49.4,51.4,39.9,58,35.7,608.1,35.7,38,39.3,43.5,,
2026-1-6 8:20:00,51,50.2,52.1,51.2,50.3,51.7,40.2,58.4,36.4,559.8,36,38.4,39.6,43.6,,
2026-1-6 8:30:00,50.8,50.1,52.3,50.8,50.2,52.2,40.1,58,36.5,623.9,36.4,38.4,39.5,43.9,,
2026-1-6 8:40:00,51.7,50.3,52.8,51.1,50.8,53.4,40.2,57.9,36.6,543.4,36.4,38,39.4,43.5,,
2026-1-6 8:50:00,51.8,50.1,53,52.3,51,52.1,40.2,58.1,36.5,575.6,36.3,38.2,39.8,43.9,,
2026-1-6 9:00:00,51.8,50.6,52,52.5,51.5,52.5,40,58.7,36.3,593.1,36.6,38.1,40.2,43.6,,
2026-1-6 9:10:00,51.7,51.3,52.3,52.7,50.8,53.4,40.5,58.4,36.9,0,36.8,38.4,39.8,43.7,,
2026-1-6 9:20:00,52.3,50.5,53.3,52.1,51.2,54,40.3,58.6,36.8,674.5,36.5,38.9,40,44.2,,
2026-1-6 9:30:00,52.1,51.8,52.9,52.7,51.2,53.3,40.9,59,37.4,671.5,36.4,38.8,39.8,43.8,,
2026-1-6 9:40:00,52.8,51.7,52.6,52.6,51.8,54.5,40.8,59.2,37.5,592.5,36.8,38.6,39.9,43.7,,
2026-1-6 9:50:00,52.3,51.1,53.4,52.8,52.2,54,40.4,59.7,37,683.8,36.3,39.2,39.8,44.3,,
2026-1-6 10:00:00,52.6,51,52.8,53.6,52.9,53.9,41.1,60,37.3,0,36.9,39.2,40,44.2,,
2026-1-6 10:10:00,52.5,52,53.3,53.5,52.8,54.5,40.8,60,37.8,640.3,37,38.8,40.5,44.5,,
2026-1-6 10:20:00,52.4,52.2,52.9,53.2,52.3,54.8,40.8,59.9,37.7,706.2,37.1,39.3,40.1,44.2,,
2026-1-6 10:30:00,53.2,51.8,53.8,53.9,52.4,55.3,40.9,60.3,37.4,716.9,37.2,39.1,40.3,44,,
2026-1-6 10:40:00,53.1,51.6,53.4,53.5,52.8,54.9,41.4,60,37.8,664.4,36.8,39.4,40.6,44,,
2026-1-6 10:50:00,52.8,51.8,53.6,54.6,53.1,55,41.1,60.4,38,659,36.9,39.4,40.6,44.5,,
2026-1-6 11:00:00,53.5,51.7,53.1,53.9,53.5,55.7,40.9,59.6,37.7,696.6,36.9,39.2,40,44.6,,
2026-1-6 11:10:00,53.5,51.6,53.4,53.6,53.8,55.3,41.1,60.5,37.8,740.8,37,39,40.5,44.1,,
2026-1-6 11:20:00,53.6,51.7,54.2,54.9,53,55.8,41.1,59.9,37.8,724.9,36.9,39.4,40.2,44.3,,
2026-1-6 11:30:00,53.4,51.6,54.2,54.2,53.4,55.7,40.8,60.6,37.9,699.1,36.7,39.3,40.2,44,,
2026-1-6 11:40:00,53,51.7,53.3,54.9,52.7,55.2,40.9,60.5,37.9,-1.8,36.7,39.1,40.2,44.2,,
2026-1-6 11:50:00,52.9,52.5,53.7,54.7,52.6,55.2,41.1,59.9,37.4,710,37.4,39.1,40.3,44.6,,
2026-1-6 12:00:00,52.9,52,53.8,54.1,53.2,54.5,41.2,60.3,38.1,0,37.2,39.4,40.7,44.4,,
2026-1-6 12:10:00,53.6,52.3,54.2,54,53.4,54.9,41.1,59.9,37.7,692.2,37.2,39.5,40.6,44.4,,
2026-1-6 12:20:00,53,52.6,53.5,54.6,53.1,54.9,40.7,60.4,37.8,671.6,37.4,38.8,40.4,44.5,,
2026-1-6 12:30:00,53,51.8,53.5,54.3,52.7,55.1,41.2,59.9,37.7,716.2,37.2,39.4,40.6,44,,
2026-1-6 12:40:00,53.3,51.4,53.6,53.9,52.9,55.2,40.9,60.2,37.6,659.1,37.1,38.8,40.6,44.6,,
2026-1-6 12:50:00,52.6,51.9,53,53.4,52.6,54.8,41,60,37.7,658.9,36.6,39.5,40.3,44,,
2026-1-6 13:00:00,52.6,51.2,53.9,53.6,52.1,54.9,40.7,59.8,38,645.4,37.1,39,40.6,44.4,,
2026-1-6 13:10:00,53.1,52.2,53,52.9,53,54.7,41.1,59.2,37.4,701.3,36.7,38.6,40,44.3,,
2026-1-6 13:20:00,52.4,51.7,53.7,53.6,52.9,54.4,40.7,59.9,37,707.6,37.2,38.8,40.2,44.2,,
2026-1-6 13:30:00,52.6,51.1,53.6,52.8,52.5,54.4,40.8,59.2,36.8,724.3,36.6,38.5,40.1,43.9,,
2026-1-6 13:40:00,52.3,51.5,53.6,52.7,51.5,53.6,40.5,59.5,37.2,704.3,36.4,38.6,40,44.4,,
2026-1-6 13:50:00,51.7,50.7,52.4,53,51.5,53.4,40.8,59.6,37.4,0,36.4,38.5,40.1,44.3,,
2026-1-6 14:00:00,51.6,51.4,53.2,52.7,50.9,53.7,40.4,59,36.8,614.7,36.2,38.8,40.1,44.3,,
2026-1-6 14:10:00,51.5,50.9,52.9,51.9,50.7,53.4,40.4,58.5,36.9,613,36.6,38.5,39.5,44,,
2026-1-6 14:20:00,52,50.2,52.1,52.2,51.1,52.3,40.1,59,36.3,653.6,36.5,38.2,40.1,43.7,,
2026-1-6 14:30:00,51.9,51,51.9,52.4,51,52.3,40.1,58.4,36.6,640.3,36,38.1,39.9,43.4,,
2026-1-6 14:40:00,51.4,49.8,52.9,52.2,50.8,52.6,40,58.1,35.9,621.8,35.8,38.4,39.5,43.3,,
2026-1-6 14:50:00,50.9,50,52.7,50.5,50.3,52.9,40,58,36.2,-1.8,36.1,37.8,39.7,43.3,,
2026-1-6 15:00:00,50.6,50.3,52.4,50.5,50,52.2,39.8,58,36.2,661.2,36.3,38.2,39.4,43.7,,
2026-1-6 15:10:00,50.4,49.3,52.2,50.1,49.8,51,39.6,57.7,35.9,-1.8,35.7,37.7,39.4,43.3,,
2026-1-6 15:20:00,50.1,49.1,51,49.8,48.5,51.2,39.4,57.5,35.3,641.2,35.4,37.4,39.5,43.2,,
2026-1-6 15:30:00,50,48.9,51.7,50,48.6,51.3,39.6,56.9,34.9,593.5,35.3,37.6,39.5,43.4,,
2026-1-6 15:40:00,49.8,48.6,51.7,49.3,48.8,50.8,39.9,57.3,34.9,512.3,35.7,37.4,39.1,43.1,,
2026-1-6 15:50:00,50.1,48.6,51,49.4,48.6,50.2,39.6,56.9,34.9,530.9,35.5,37.6,38.8,42.9,,
2026-1-6 16:00:00,49.1,48.4,51.3,48.8,47.3,50.1,39.1,56.7,35,513.2,35.4,37.2,38.9,43,,
2026-1-6 16:10:00,49.5,47.7,51,48,47.5,49.4,39.1,56.3,34.5,510.9,34.9,37.3,39.1,42.6,,
2026-1-6 16:20:00,49.2,47.9,50.1,48.5,46.7,49.7,39.3,55.5,34.2,491.5,34.7,37,38.6,42.9,,
2026-1-6 16:30:00,49.2,48,49.7,47.5,46.7,48.5,38.7,55.6,34.2,540.3,35.2,36.6,38.9,42.4,,
2026-1-6 16:40:00,49.2,48,49.7,47.5,46.7,48.5,38.7,55.6,34.2,540.3,35.2,36.6,38.9,42.4,此时间点无数据,
2026-1-6 16:50:00,48.1,47.3,49.5,47.4,46.1,47.7,38.8,54.8,34.1,522.9,34.7,36.4,38.5,42,,
2026-1-6 17:00:00,47.8,46.4,48.8,45.8,44.7,47.6,38.7,54.8,33.5,416.9,34.3,36.4,38,42.6,,
2026-1-6 17:10:00,48,47.1,48.9,45.4,45.1,47.1,38.1,55,33.4,503.4,33.9,36.2,38.5,42.4,,
2026-1-6 17:20:00,47.1,46,48.5,44.9,45,46,38.3,54.3,33.1,439.8,34.5,35.9,38.2,41.6,,
2026-1-6 17:30:00,47.1,45.8,48.4,44.8,43.3,46.7,37.8,53.8,32.2,451.7,34.1,35.7,38,42.1,,
2026-1-6 17:40:00,47.2,45.7,47.9,44.2,43.1,46.3,37.9,54,32.2,354.3,33.7,35.5,37.5,42.1,,
2026-1-6 17:50:00,46.6,45.3,48,43.6,43.6,45,38,53.4,31.7,392.5,33.4,35.5,37.7,42,,
2026-1-6 18:00:00,45.9,45.2,47.8,44.1,42.9,44.8,37.3,52.7,32.3,365.6,33.8,35.5,37.3,41.2,,
2026-1-6 18:10:00,45.7,44.6,47.2,42.7,42.3,44.1,37.2,52.8,31.8,366,33.3,35.1,37.7,41.7,,
2026-1-6 18:20:00,46,45,47.3,43.3,42.3,43.1,37.6,52.8,31.5,302.8,33.1,34.7,37.4,41,,
2026-1-6 18:30:00,45,44.6,46.6,42.9,40.7,43.8,37.4,52.4,30.9,336.5,33.1,34.7,37.3,40.7,,
2026-1-6 18:40:00,45.1,44.4,47.2,42.3,40.3,43.2,36.6,51.6,30.9,386.8,33.3,34.2,37.3,41.1,,
2026-1-6 18:50:00,44.7,43.5,47,42,40.9,41.8,36.9,51.7,30.3,341.7,32.9,34.5,36.7,40.5,,
2026-1-6 19:00:00,44.1,43.4,46.2,40.8,40.8,41.9,36.9,51.4,30.3,331.4,32.4,34.2,36.7,40.9,,
2026-1-6 19:10:00,43.8,43.3,46.2,40.9,39.4,41.5,36.8,51.5,30.5,255.3,32.4,33.9,36.5,40.3,,
2026-1-6 19:20:00,43.7,42.5,46,40.3,39.5,42,36.7,51.3,30.5,276.4,32.4,34.1,36.2,40.4,,
2026-1-6 19:30:00,43.3,42.4,45.6,39.3,38.3,40.3,36.2,50.4,29.6,205.2,32.1,33.5,36.3,40.5,,
2026-1-6 19:40:00,43.1,41.9,45.5,38.9,38,39.7,36.2,50.7,29.1,277.9,32.2,33.5,36.4,40.6,,
2026-1-6 19:50:00,43,42.5,45,39.7,37.6,40.1,36.3,50.3,29.1,279.9,31.9,33.2,36,40,,
2026-1-6 20:00:00,42.7,42.3,44.7,38.7,37.1,40.1,36.2,49.6,29.5,191.4,31.9,33.6,35.8,40,,
2026-1-6 20:10:00,42.9,42.1,44.8,38.8,37.8,39.4,35.7,49.9,28.5,199.8,31.8,32.7,35.6,39.7,,
2026-1-6 20:20:00,42,41.6,44.9,37.3,36.2,39.6,35.4,49,28.6,259.9,31.4,33,35.7,40,,
2026-1-6 20:30:00,41.6,40.7,43.9,37.5,36.5,39.1,35.4,49.2,28.5,0,31.7,32.8,35.8,40.1,,
2026-1-6 20:40:00,41.6,40.9,44.3,37.2,36.5,38.2,35.4,48.7,28.6,234.7,31.2,32.3,35.8,39.7,,
2026-1-6 20:50:00,41.1,40.5,44.5,36.6,36.2,37.3,35.6,48.3,27.9,186.3,31.4,32.4,35.6,39.3,,
2026-1-6 21:00:00,41.4,40.8,43.7,36,34.9,37.9,35.2,47.9,28.4,200,30.9,32.5,35.6,39.2,,
2026-1-6 21:10:00,41.5,39.7,43.4,36.6,35,37.5,34.9,48.3,27.3,147.9,31,32.4,35.6,39.7,,
2026-1-6 21:20:00,41.4,40.1,43.8,36.4,34.5,37.3,35.2,48.3,27.2,145.7,30.8,32.4,35,39.5,,
2026-1-6 21:30:00,40.4,39.8,44,35.9,35.1,37.4,34.8,47.9,27.1,190.4,30.6,32.1,35,39.2,,
2026-1-6 21:40:00,40.9,38.9,43.2,35.6,34.5,35.6,34.6,47.8,27.6,69.7,30.4,32.3,35,39.5,,
2026-1-6 21:50:00,40,38.8,43.1,35.5,34.7,36.7,34.7,47.3,27.4,0,30.4,31.7,34.9,39.2,,
2026-1-6 22:00:00,39.9,39,43.2,34.6,33.3,35,34.6,47.3,27.1,134.6,30.6,31.7,34.8,39.3,,
2026-1-6 22:10:00,40.5,39.3,43.4,34.5,33.9,35.8,34.8,47.3,27.4,76.7,30.5,31.3,34.7,38.9,,
2026-1-6 22:20:00,39.7,38.6,43.2,34.1,33.3,35,34.6,47.4,26.7,66.7,30.4,31.2,35.1,39.2,,
2026-1-6 22:30:00,40.2,39.1,42.7,33.6,32.5,35.9,34.3,46.9,26.4,135,30.4,31.1,34.7,39,,
2026-1-6 22:40:00,39.5,38.9,42.3,34.1,33.5,35.7,34.1,46.7,26.8,126.5,29.9,31.1,34.5,38.8,,
2026-1-6 22:50:00,39.3,38,42.4,33.4,32.7,34.2,33.9,46.3,26,56.9,30.2,31.6,34.5,38.5,,
2026-1-6 23:00:00,39.9,37.8,41.9,32.9,32.7,34.4,34.2,46.7,26.3,63.7,30.6,31,34.5,38.5,,
2026-1-6 23:10:00,39.3,38.6,42.4,33.8,32.7,34.3,34.3,46.4,26.7,0,29.8,31,34.3,38.4,,
2026-1-6 23:20:00,38.9,37.9,41.9,32.7,32.5,34.8,33.8,45.8,26.4,0,30.1,31.3,34.8,38.4,,
2026-1-6 23:30:00,39.4,37.8,42,32.6,32.8,34.9,33.9,45.8,26.3,76.9,30,31.3,34.8,38.5,,
2026-1-6 23:40:00,38.9,37.6,42.6,33.1,31.6,33.6,33.7,45.7,26.1,55.6,29.9,31.1,34.6,38.2,,
2026-1-6 23:50:00,38.9,38.5,42.4,33.4,32.2,34.5,33.9,46,25.8,105.4,30.3,31.1,34.9,38.5,,
2026-1-7 0:00:00,38.9,38.5,42.1,32.7,32.1,34.6,34.3,45.6,26,12.9,29.9,30.9,34.5,38.4,,
2026-1-7 0:10:00,39.1,38.5,41.7,32.9,32.6,34.5,34.3,46.2,26.1,104.4,30.1,30.8,34.5,38.8,,
2026-1-7 0:20:00,39.4,38.1,42,32.6,32.1,34.7,34,45.5,26.2,14.5,29.8,30.6,34.2,38.7,,
2026-1-7 0:30:00,39.4,37.7,42.4,33.2,31.5,34,34.3,46.2,26.4,98.9,29.6,31.2,34.6,38.3,,
2026-1-7 0:40:00,39.4,37.5,42.1,33.6,31.9,34.3,33.6,45.7,26.2,-1.8,29.7,31.1,34.6,38.8,,
2026-1-7 0:50:00,39,38.4,42.3,32.8,31.8,33.2,34.3,45.9,26.1,131.8,29.8,30.8,34.8,38.1,,
2026-1-7 1:00:00,39.1,37.7,42.6,33.5,32.5,34.2,34.3,45.6,25.9,33.3,30.3,30.9,34.6,38.8,,
2026-1-7 1:10:00,38.8,37.9,41.8,33.1,32.1,34.1,34.3,46.2,26,118.3,30.4,30.7,34.8,38.6,,
2026-1-7 1:20:00,39.2,37.9,41.8,33.7,32.4,34.1,33.8,45.7,26,104.2,30.1,31,34.6,38.2,,
2026-1-7 1:30:00,38.9,38,42.7,32.7,32.6,34.5,34.4,45.8,26.4,125.3,30,31.4,34.8,38.7,,
2026-1-7 1:40:00,39.2,38.6,41.8,33,33,34.2,34.4,46.3,26,-1.8,30.1,31.2,34.5,38.9,,
2026-1-7 1:50:00,39.2,38.1,42.1,33.7,31.9,33.7,33.8,46,25.9,127.9,30.3,31.1,34.9,38.7,,
2026-1-7 2:00:00,39.9,38.8,42,33.6,32.4,35.2,34.6,46.7,26.3,65.5,30.4,31.2,34.8,38.3,,
2026-1-7 2:10:00,39.4,38.6,41.8,33.3,33.1,35.5,34,46.7,26.8,174.6,30.5,31.4,35,38.6,,
2026-1-7 2:20:00,40,39,42.1,33.8,33.4,35,34.5,46.6,26.1,116.2,30,31,34.4,38.8,,
2026-1-7 2:30:00,40,39.1,42.1,34.1,33.1,35.3,34.6,47.2,27.1,172.8,30.2,31.5,34.8,38.4,,
2026-1-7 2:40:00,39.6,38.6,42.7,34.3,33.7,35.2,34.2,47.3,26.9,-1.8,30.7,31.5,35.3,38.7,,
2026-1-7 2:50:00,39.8,38.9,43.1,34.2,33.9,35.5,34.5,47.1,26.9,0,30.7,31.6,35,38.8,,
2026-1-7 3:00:00,40.4,39.2,42.4,34.1,34.2,35.3,34.3,47.2,26.9,152.1,30.3,32.1,35.3,38.7,,
2026-1-7 3:10:00,40,39.8,43.2,35.2,34.3,35.9,34.7,47.4,27.1,145.9,30.3,31.7,34.8,39.3,,
2026-1-7 3:20:00,40.3,39.3,43.6,35.4,34.5,36.2,34.4,47.1,27.4,168.7,30.4,31.6,34.9,39.2,,
2026-1-7 3:30:00,40.3,40.1,43.9,35.5,34,36.5,34.6,47.6,27.4,211.2,30.7,31.7,34.9,39.2,,
2026-1-7 3:40:00,41.1,39.5,43.6,35.5,34.9,36.3,34.7,47.6,27.3,0,30.8,32.4,35.3,39.3,,
2026-1-7 3:50:00,41,40.5,43.4,35.9,34.7,36.3,34.9,47.6,27.9,244,31.4,32.4,35.6,38.9,,
2026-1-7 4:00:00,40.9,39.9,43.5,35.7,35.6,37.8,34.9,48.7,27.6,235.4,31.2,32.5,35.7,39.1,,
2026-1-7 4:10:00,41.5,40.6,44.1,36,35.3,38,35.5,48.4,27.7,207.1,30.9,32.4,35.6,39.2,,
2026-1-7 4:20:00,41.7,40.3,44.2,37.2,36.1,38.7,35,49,28.1,279,31,32.5,35.3,39.4,,
2026-1-7 4:30:00,41.6,40.3,44.8,37,35.8,38.1,35.1,49.2,28.6,274.9,31.4,32.4,35.7,39.3,,
2026-1-7 4:40:00,42.3,40.8,45,37,36.8,38.6,35.4,48.8,28.9,287.2,31.6,32.7,35.5,39.6,,
2026-1-7 4:50:00,42.4,41.6,44.5,37.3,36.9,39.6,35.5,49.6,28.4,275.4,31.8,33.2,35.9,40.2,,
2026-1-7 5:00:00,42.8,41,45.4,38.2,37.7,39.3,35.5,49.8,29,349,31.5,33.3,35.8,40.1,,
2026-1-7 5:10:00,42.5,41.1,45.3,39,37.7,39.8,35.7,49.3,29.4,355.3,31.6,33,35.7,40.1,,
2026-1-7 5:20:00,42.8,41.7,45.5,39.3,38,39.3,36.1,50.3,29,-1.8,32.1,33.5,36.4,39.9,,
2026-1-7 5:30:00,43.4,41.8,45.9,38.6,38.3,39.5,35.8,49.7,29.1,325.7,31.8,33.6,36.3,40.4,,
2026-1-7 5:40:00,43.8,42.5,46.1,39.7,39,40.2,36.6,50.6,30,358.5,32.1,33.3,36.1,40.5,,
2026-1-7 5:50:00,43.3,42.6,46.3,40.6,39.4,40.5,36.4,50.9,29.5,327.7,32.2,33.9,36.5,40.6,,
2026-1-7 6:00:00,44.1,42.5,45.7,40.9,39.3,40.7,36.6,50.5,29.6,396.7,32.7,33.8,36.6,40.1,,
2026-1-7 6:10:00,44.1,42.9,46.5,41.3,40.1,42.3,36.5,50.8,30.3,431.1,32.3,33.9,36.4,40.4,,
2026-1-7 6:20:00,44.5,43.8,46.5,40.3,40.1,41.5,36.9,50.9,30,383.7,32.9,34.4,36.6,40.6,,
2026-1-7 6:30:00,44.7,43.8,46.5,41.9,39.7,42,36.6,51.4,30.2,0,32.8,33.9,37.2,41.1,,
2026-1-7 6:40:00,45.2,43.8,47.2,41.1,41.1,42.9,37.3,52.2,31.2,469.3,32.7,34.3,37.2,40.9,,
2026-1-7 6:50:00,45.5,43.6,47.4,41.6,40.4,43,36.7,51.8,31.1,488.6,33.2,34.3,36.8,41.2,,
2026-1-7 7:00:00,44.7,43.6,47.2,43,41.4,43.6,37.1,52.1,31.5,447.1,33,34.9,37.1,41.2,,
2026-1-7 7:10:00,45.3,44.1,46.8,42.6,42.3,43.1,37.2,52.5,31.7,0,33,34.7,37.3,41.5,,
2026-1-7 7:20:00,45.5,44.4,47.6,42.4,41.4,44.4,37.2,52.4,31.1,448.6,33.4,35,37.5,41.5,,
2026-1-7 7:30:00,45.8,44.7,47.4,43.2,42.4,45.1,37.4,52.4,31.9,466.6,33.1,35.1,37.1,41.2,,
2026-1-7 7:40:00,45.9,45.5,47.3,43.7,42.1,45.4,37.5,53.5,32.3,476,33.3,35.2,37.5,41.7,,
2026-1-7 7:50:00,45.9,45.8,48.2,44,43.3,45.4,37.5,53.1,32,0,33.4,35.3,37.7,41.2,,
2026-1-7 8:00:00,46.3,45.7,47.9,43.9,42.8,44.6,37.5,53.4,32.7,559.9,33.8,35.1,37.6,41.6,,
2026-1-7 8:10:00,46.3,45.3,49,44.5,43.1,45,37.5,53.8,32.3,583.8,33.6,35.2,37.6,41.5,,
2026-1-7 8:20:00,46.7,46.1,48.3,44.7,43.3,46.1,37.7,53.7,32.8,609.1,34.2,35.2,37.9,42,,
2026-1-7 8:30:00,47,46.3,48.7,44.5,43.8,45.9,37.9,54.2,32.3,538.1,34.4,35.5,38.2,41.5,,
2026-1-7 8:40:00,47.2,46.6,48.8,45.8,44.3,45.8,38.2,54.3,32.8,583,34.3,35.8,37.7,42.1,,
2026-1-7 8:50:00,47.1,46.8,48.9,45,44.5,46.9,38.6,54.9,32.7,547.2,34.6,36.1,37.9,41.8,,
2026-1-7 9:00:00,47.2,46.6,49.6,46,45,47.1,38.6,54.4,33.4,610.8,34.4,36.2,37.8,41.7,,
2026-1-7 9:10:00,47.9,46.3,49.4,46.4,45.3,47.8,38.2,54.8,32.8,665.6,34.3,35.9,37.8,42.1,,
2026-1-7 9:20:00,47.5,46.3,49.1,46.2,45.2,48.1,38.8,54.7,46.5,589.5,34.6,36.3,37.9,41.9,,
2026-1-7 9:30:00,47.6,47.1,49.8,46,45.3,47.9,38.5,55.5,33.5,575.1,34.9,36.5,38,42,,
2026-1-7 9:40:00,48.4,47.5,49.5,46.6,45.1,47.8,38.7,54.9,33.9,0,34.9,36,38.2,42.6,,
2026-1-7 9:50:00,48.2,47.1,49.6,46.6,45.8,48.1,38.9,55.3,34,606.1,34.4,36.1,38.2,42.3,,
2026-1-7 10:00:00,48.3,48,50,47.5,45.8,48.3,38.8,55.8,34.2,598,34.4,36.4,38.7,42.4,,
2026-1-7 10:10:00,48.9,47,49.7,47.8,45.8,47.6,38.7,55.8,33.6,715.6,34.8,36.8,38.8,42.8,,
2026-1-7 10:20:00,48.2,47,50.5,47.7,46,47.7,38.9,55.6,33.7,666,35.1,36.7,38.7,42.3,,
2026-1-7 10:30:00,48.2,47.1,50.1,46.8,46.7,48.6,39.2,56,34.5,668.6,35.1,36.3,38.4,42.7,,
2026-1-7 10:40:00,48.7,47.5,49.8,48,47.2,48.7,38.6,56.1,34.3,658.9,35,36.8,38.9,42.4,,
2026-1-7 10:50:00,48.6,48,50.5,47.3,47.2,49.2,38.9,55.7,34.6,716.2,34.7,36.5,38.4,42.8,,
2026-1-7 11:00:00,48.6,47.4,50.6,47.8,47.1,48.3,39,55.8,34.40001,699.8,34.6,36.7,38.8,42.4,,
2026-1-7 11:10:00,49.1,48,49.9,48.2,46.1,49.3,39,55.8,34.7,670.5,34.7,36.6,38.7,42.2,,
2026-1-7 11:20:00,48.9,48.4,50.4,47.6,47.2,48.3,38.9,55.6,34.1,705.7,35.3,36.5,39,42.5,,
2026-1-7 11:30:00,49.2,48,50.5,47.9,47.3,49.3,38.6,55.6,34.2,742.6,34.9,36.8,39,43,,
2026-1-7 11:40:00,48.9,47.9,50.7,47.7,46.6,48.5,39.1,56.1,34.1,718.6,35.3,36.4,39,42.5,,
2026-1-7 11:50:00,48.4,48.2,50.4,48.4,47,48.8,39.2,55.8,34.4,714.6,34.9,36.8,38.5,42.7,,
2026-1-7 12:00:00,49,47.3,50.6,48.3,47.2,48.9,38.8,55.8,34.2,696.9,34.5,36.7,38.5,42.5,,
2026-1-7 12:10:00,48.8,47.4,50,48.3,46.2,48.5,38.8,55.6,34.4,0,35.2,36.4,38.7,42.5,,
2026-1-7 12:20:00,48.6,48.1,50.3,47.7,47.3,48.4,38.9,56.3,33.7,640.2,34.5,37,38.5,42.3,,
2026-1-7 12:30:00,48.7,48,49.6,47.3,47.1,48.9,39.1,55.4,34.2,745.3,34.9,36.9,38.4,42.4,,
2026-1-7 12:40:00,48.6,47.7,49.6,47.1,46.4,49.3,39.1,55.3,34.2,645.6,34.6,36.4,38.9,42.2,,
2026-1-7 12:50:00,48.4,47.2,50,47.2,47,49.1,39.2,56.1,33.8,709.7,34.5,36.7,38.6,42.6,,
2026-1-7 13:00:00,49,47.7,49.5,46.8,46.7,47.9,38.6,55.7,34.3,635.5,34.7,36.4,38.7,42.4,,
2026-1-7 13:10:00,48.2,47.6,50.5,46.9,46.6,48.4,38.7,55.2,33.4,666.8,35.1,36.2,38.7,42.4,,
2026-1-7 13:20:00,48,47.5,49.6,47.4,46.3,48.5,38.9,55.5,33.4,662.6,35,36.6,38,42.1,,
2026-1-7 13:30:00,47.8,47.1,49.3,46.4,45.3,48.1,38.4,54.8,33.5,0,34.3,36.4,38.3,42,,
2026-1-7 13:40:00,47.7,47.5,49,47.3,46,48.1,38.6,55.6,33.1,659.6,34.2,36.2,38.7,42.3,,
2026-1-7 13:50:00,48.3,46.4,49.9,46.3,44.9,46.7,38.8,54.8,33.8,655.2,34.8,36.6,38.3,42.5,,
2026-1-7 14:00:00,47.8,47.2,48.9,46.5,45.4,47.8,38.2,55.1,32.9,686.4,34.4,35.9,37.9,41.9,,
2026-1-7 14:10:00,47.8,46.9,49.8,46.7,45.6,46.7,38.6,54.5,32.9,656.2,34.1,36.3,38.4,41.7,,
2026-1-7 14:20:00,47.5,47,49.2,45.8,45.2,46.5,38.3,54.4,33.5,588.8,34.3,36.2,38.1,41.8,,
2026-1-7 14:30:00,47,46.3,48.9,45.3,44.1,46,38.2,54.1,32.6,634.2,34,35.5,38.3,42.4,,
2026-1-7 14:40:00,47.4,46.5,49.3,45.5,43.8,46.5,37.8,53.7,32.9,632.9,34.3,36.1,37.8,42.2,,
2026-1-7 14:50:00,46.8,46.2,49,45,44.4,46.3,38,54.4,32.2,636.4,34,35.6,37.6,41.9,,
2026-1-7 15:00:00,46.9,45.5,47.9,44.5,43.6,45.9,38.1,53.7,32.5,-1.8,34.2,35.5,37.6,41.6,,
2026-1-7 15:10:00,46.9,45.3,48.8,43.7,43.6,45.2,37.8,53.5,32.1,-1.8,33.5,35.8,37.7,41.6,,
2026-1-7 15:20:00,46.7,45,48.3,44.3,42.9,44.5,37.7,53.1,32.3,605.9,33.5,35,37.7,41.5,,
2026-1-7 15:30:00,46.5,45.4,47.7,43.8,42.6,43.9,37.7,53.1,31.9,520.8,33.5,35.1,37.6,41.2,,
2026-1-7 15:40:00,46.2,45.4,47.4,43.2,42.3,44.5,37.6,52.6,31.5,604,33.5,34.7,37.6,41.4,,
2026-1-7 15:50:00,45.7,44.3,48,43.4,42.3,43.9,37.6,52.2,32,0,33.2,34.9,37.2,41.1,,
2026-1-7 16:00:00,45.7,44.3,47,41.9,41.9,44.4,37.6,52.8,31.3,575.1,32.9,34.7,37,41.5,,
2026-1-7 16:10:00,45,44,47.5,42.4,41.3,42.5,36.9,52,30.7,577.6,32.7,34.9,37.2,40.8,,
2026-1-7 16:20:00,45.2,43.9,47,42.3,41,43.3,37.1,51.6,31.2,518.1,32.7,34.2,37.2,41,,
2026-1-7 16:30:00,44.4,43.6,46.5,41.9,41.1,41.7,36.7,51.8,30.3,501.4,32.5,34.3,36.6,40.5,,
2026-1-7 16:40:00,44.9,42.8,46.5,41.8,39.5,41.8,36.5,51.1,30.8,491.6,32.8,34.2,36.7,41.1,,
2026-1-7 16:50:00,44.3,43.5,45.9,40.3,39.1,42.1,36.4,51.5,30.3,524.2,32.5,34.2,36.6,40.5,,
2026-1-7 17:00:00,44.2,43.1,46.1,40.5,39.6,41.5,36.1,51.1,30.4,443.3,32.5,34,36.8,40.6,,
2026-1-7 17:10:00,43.2,42.9,45.6,40.5,38.4,41.5,36.6,51,29.5,-1.8,32.2,33.5,36.4,40.2,,
2026-1-7 17:20:00,43.4,42.4,46.2,38.9,38.3,41.1,36.5,50,29.4,478.3,31.8,33.3,36.1,40.2,,
2026-1-7 17:30:00,43.2,42.2,45.7,39.7,38.3,40.5,35.8,50.3,29.7,-1.8,32.2,33.1,36.2,40.4,,
2026-1-7 17:40:00,43,41.7,44.9,38.8,37.2,39.5,36.2,49.6,29.6,387.3,32,33,36.4,40.2,,
2026-1-7 17:50:00,42.2,41.2,44.8,38.6,37,38.9,36,49.5,28.9,0,31.7,33.3,36.2,40.3,,
2026-1-7 18:00:00,42.1,41.1,44.9,37.7,36.5,38.2,35.8,49.1,28.3,436.2,31.4,32.9,35.7,39.7,,
2026-1-7 18:10:00,41.9,41.5,44.2,37,36.5,38.6,35.3,48.5,28.8,327.4,31.7,33,36,39.6,,
2026-1-7 18:20:00,41.4,40.5,43.9,36.8,36.2,37.7,35.2,48.8,28.3,308.2,31.1,32.7,35.4,39.6,,
2026-1-7 18:30:00,41.8,40.8,44.6,36.1,35.1,37.5,35.2,48.8,28.4,286.4,31.6,32,35.7,39.5,,
2026-1-7 18:40:00,41.3,39.9,43.4,36.1,34.6,36.5,34.7,48.2,28,340.1,31.3,32.2,35.7,39.7,,
2026-1-7 18:50:00,40.8,39.6,43.9,35.7,34.8,36.8,35.1,47.9,27.8,317,30.9,32.2,35.1,39.4,,
2026-1-7 19:00:00,40.8,39,43.4,35.2,34.9,35.7,35.2,47.9,27.5,359.6,31,32.1,35.4,39.1,,
2026-1-7 19:10:00,39.9,38.9,43.4,35.5,33.7,35.4,34.8,47.8,26.7,-1.8,30.7,32,34.8,39.3,,
2026-1-7 19:20:00,40.3,39.4,42.4,34.6,34.1,36.3,34.6,46.7,27.3,249.2,30.3,31.4,34.8,38.8,,
2026-1-7 19:30:00,39.8,39.4,43.1,33.8,33.7,35.7,34.8,47.1,26.7,300.8,30.8,31.8,34.9,39.2,,
2026-1-7 19:40:00,39.9,38.6,43.1,33.5,33,35,34.3,46.4,26.7,294.3,30.3,31.1,35.1,38.3,,
2026-1-7 19:50:00,39,38.7,41.8,33.2,32.7,34.3,34.2,46.1,25.8,299.3,30.3,31.4,34.4,38.5,,
2026-1-7 20:00:00,39.4,38,41.5,33.7,32.6,33.7,34.4,46.1,26.2,247.5,30.3,31.1,34.6,38.7,,
2026-1-7 20:10:00,39.1,37.8,41.9,32.2,32.1,34.2,33.5,46.3,25.9,254,30.2,31.1,34.8,38.5,,
2026-1-7 20:20:00,38.5,37.4,42.2,32.8,31.9,33.3,33.7,46.1,25.5,-1.8,29.7,31.1,34.7,38.2,,
2026-1-7 20:30:00,38.2,37.9,40.9,32.5,30.7,33.5,33.7,45.1,25.2,188.7,30.1,30.8,33.9,38.6,,
2026-1-7 20:40:00,37.9,37.3,41.2,31.7,31,32.2,33.3,45,25.8,197.5,29.3,30.6,33.8,38.2,,
2026-1-7 20:50:00,37.9,36.7,40.9,32,31.1,33.3,33.4,44.7,25,185.8,29.5,30.8,33.7,38.2,,
2026-1-7 21:00:00,38.2,36.8,41.4,31.6,30.9,32.7,33.1,44.9,25.2,-1.8,29.3,30.4,34.1,37.8,,
2026-1-7 21:10:00,37.7,36.4,40.4,31.4,29.9,32,33.2,44.9,24.9,111.9,29.1,30.4,34,38,,
2026-1-7 21:20:00,37.7,37,40.2,31,30.2,32.3,33.1,44.1,25,108.6,29.3,30.3,34,38,,
2026-1-7 21:30:00,36.9,35.8,40.8,30.4,29.6,31.4,33.3,43.9,24.4,0,29.5,30.2,33.6,38,,
2026-1-7 21:40:00,37.5,36.2,40.9,30.5,28.8,30.5,32.8,44.3,24.1,160.9,29.2,29.8,33.5,38.1,,
2026-1-7 21:50:00,36.8,36.1,40.8,29.5,29.1,31.5,32.8,43.6,24.1,148.6,29.2,30,33.7,37.7,,
2026-1-7 22:00:00,36.9,35.3,40.8,29.1,29.3,30.1,32.9,43.7,24,64.6,28.7,29.7,33.6,37.6,,
2026-1-7 22:10:00,36.9,35.9,40,29.4,28.2,30.6,32.7,43.4,24.3,91.3,29.2,29.4,33.7,37.9,,
2026-1-7 22:20:00,36.8,35.5,40.5,28.7,28.1,30.3,32.7,43.9,23.8,83.3,28.8,30,33.3,37.7,,
2026-1-7 22:30:00,36.4,35.8,39.4,29.2,28.5,29.9,32.7,43.6,24,70.4,28.7,29.3,33.7,37.1,,
2026-1-7 22:40:00,36.8,36,39.8,29.6,28.2,30.1,33,42.9,24.3,32.9,28.9,29.6,33.1,37.5,,
2026-1-7 22:50:00,36.4,35.8,39.7,29.5,27.3,30,32.6,43.5,23.7,101.4,28.7,29.3,33.6,37.6,,
2026-1-7 23:00:00,36.4,35.4,39.2,28.2,28.1,29.4,32.7,43.3,23.5,59.3,28.4,29.7,33.7,37.6,,
2026-1-7 23:10:00,36,35,39.8,29,27.1,29,32.7,43.4,24,112.8,28.4,29,33.7,37.6,,
2026-1-7 23:20:00,36,34.6,40.1,28.7,28,29.2,32.4,43.4,23.5,109.1,28.8,29.1,33.2,37,,
2026-1-7 23:30:00,35.6,35.6,40.1,29.1,27.3,29.9,32.7,43.2,23,124,28.8,29.4,33.6,37.6,,
2026-1-7 23:40:00,35.6,34.9,40,28.1,27.6,28.9,32.9,43,24,0,28.5,29,32.9,37.6,,
2026-1-7 23:50:00,36.4,34.9,39.8,28.6,27.3,29.4,32.8,42.8,23.8,0,28.9,29.4,33.5,36.9,,
2026-1-8 0:00:00,36.2,35.3,39,28.4,27.6,30.2,32.8,42.7,23.9,0,28.3,29.1,33.5,37,,
2026-1-8 0:10:00,36.2,35.1,38.9,28.3,28,29.1,32.1,42.9,23.5,-1.8,28.2,28.9,33.2,37.3,,
2026-1-8 0:20:00,36.4,34.9,39.9,28.4,28,30.1,32.7,43.3,23.5,121,28.4,28.9,33.5,36.9,,
2026-1-8 0:30:00,36.5,35.6,40,28.3,27.6,30.3,32.9,43.5,23.6,37.1,28.7,28.9,33.7,37.6,,
2026-1-8 0:40:00,35.7,35.6,39.1,29,28.1,30.1,32.5,43.2,23.9,108.6,28.9,29.1,33.6,37.4,,
2026-1-8 0:50:00,36.2,35.4,40.2,28.2,27.7,29.1,32.4,43.1,24.1,71.4,28.2,29.7,33.4,37.6,,
2026-1-8 1:00:00,36.2,35.7,39.3,29,28.4,29.3,32.3,43.7,23.4,79.3,28.5,29.4,33.1,37.6,,
2026-1-8 1:10:00,35.9,35.9,40.3,29,28.1,30.3,32.4,43.4,23.7,-1.8,28.5,29,33.5,37.1,,
2026-1-8 1:20:00,36,35,39.5,28.4,28.5,30.8,32.6,43.9,23.7,128.8,29,29.8,33.8,37.1,,
2026-1-8 1:30:00,36.1,35.7,40.3,29.3,27.9,29.5,32.5,44,24.1,116.6,28.4,29.8,33.1,37.2,,
2026-1-8 1:40:00,36.7,36.2,40.6,29.4,28.8,30.1,33.2,43.2,23.8,101.8,28.9,29.7,33.6,37.4,,
2026-1-8 1:50:00,37,36.2,40.4,30,28.1,29.9,32.8,43.9,24.2,0,28.6,29.7,33.5,37.9,,
2026-1-8 2:00:00,36.7,35.3,40.5,30,28.6,30.2,32.8,43.4,24.7,54.9,29.2,29.4,33.7,37.6,,
2026-1-8 2:10:00,37.2,35.8,40.1,29.4,29.2,30.6,32.7,43.8,23.9,87.2,28.8,29.7,33.7,37.5,,
2026-1-8 2:20:00,37.3,36.4,40.5,30.6,29.7,30.5,32.9,44.2,24.6,117.1,29.2,30.2,33.4,38,,
2026-1-8 2:30:00,37.2,36.5,40,31.1,29.7,32.1,33.5,44.4,24.2,158,29,30.3,33.8,38.1,,
2026-1-8 2:40:00,37.7,36.9,40.2,31.3,29.5,31,33.5,44.5,24.5,0,29.6,30.2,34,37.7,,
2026-1-8 2:50:00,38,36.3,40.4,31.1,30.2,31.4,33.4,44.3,25.3,155.3,29.4,30.1,33.9,37.6,,
2026-1-8 3:00:00,38,36.3,41.5,31.3,30.3,32.1,33.7,44.8,24.8,163.2,29.6,30.7,34.3,38.3,,
2026-1-8 3:10:00,38,36.6,41.4,31.8,30.5,32.7,33.2,44.9,24.9,-1.8,29.5,30.6,34.3,38.3,,
2026-1-8 3:20:00,38.4,37.4,41.7,31.6,31.4,33.4,33.9,45.4,25.4,216.1,29.9,30.3,33.8,38.1,,
2026-1-8 3:30:00,38.8,37.9,41.9,32.5,30.7,33.4,33.9,45.9,25.3,195.9,29.6,30.7,34.3,37.9,,
2026-1-8 3:40:00,38.5,37.2,41.9,32.5,32,33.1,33.7,45.6,25.9,205.3,29.8,30.5,34.3,38.2,,
2026-1-8 3:50:00,38.4,37.7,42,32.9,32,33.4,34.1,46,26.3,185,29.8,30.8,34.5,38.6,,
2026-1-8 4:00:00,39,38.5,41.9,32.6,32.6,33.5,33.7,46.1,26.2,216.9,30.1,30.7,34.4,38.7,,
2026-1-8 4:10:00,39,38.4,41.7,34.2,32.5,34.6,34.6,45.9,26.6,299.5,30.2,30.9,34.5,38.9,,
2026-1-8 4:20:00,39.4,38.8,42.1,33.3,33.4,35.2,34.3,47,26.6,238.6,30.6,31.4,34.6,39,,
2026-1-8 4:30:00,40.3,38.7,43,34.7,33.8,35.1,34.8,47.2,26.2,221.6,30.3,31.3,34.9,39.2,,
2026-1-8 4:40:00,40.3,39.6,42.5,34.5,33.3,35.1,34.9,47.4,26.6,281.9,30.9,31.5,35.2,39.3,,
2026-1-8 4:50:00,40.1,39.7,43.4,35.4,34.3,36.2,34.3,47.3,27.4,-1.8,30.8,31.9,35.2,38.9,,
2026-1-8 5:00:00,40.6,39.4,43.4,35.1,34.5,36.7,34.6,47.2,27,343,30.9,31.9,35.3,39.1,,
2026-1-8 5:10:00,41.1,40.2,43.2,35.9,35.5,37.4,35.1,47.9,27.2,350.5,30.8,32.4,35.1,39.1,,
2026-1-8 5:20:00,41.1,40,43.6,35.8,34.5,37.5,34.7,48.3,27.4,350.7,31.1,32.1,35.8,39.1,,
2026-1-8 5:30:00,41.5,40.4,43.4,37.2,35.4,37.4,35.5,48.6,28.2,319,30.9,32.7,35.7,39.8,,
2026-1-8 5:40:00,41.6,40.6,43.8,37.6,36.6,37.9,35,49.1,27.7,389.8,31.5,32.9,35.5,39.7,,
2026-1-8 5:50:00,42.3,41.4,44.7,37.8,36,37.9,35.6,49.4,28.5,400.4,31.2,32.6,36.1,39.9,,
2026-1-8 6:00:00,42.4,41.4,45.2,37.3,37,38.7,35.8,48.8,28.7,439.7,31.8,32.7,36,40.2,,
2026-1-8 6:10:00,42.1,41.4,44.4,38.8,37.4,39.5,36.1,49.7,28.5,434.4,31.5,32.8,36.4,40.1,,
2026-1-8 6:20:00,43.1,42,45.2,38.8,37.9,39.6,36,50,28.7,436.8,31.7,33,36.1,40.2,,
2026-1-8 6:30:00,43.1,41.5,45.4,39.2,38.8,40,36.2,49.7,29.2,442.8,32.1,33.2,36.4,40,,
2026-1-8 6:40:00,43.1,42.3,45.8,39.6,38,39.8,36.2,50.2,30,403.4,32.3,33.4,36.3,40.4,,
2026-1-8 6:50:00,43.7,42.1,45.9,39.2,39.4,41.6,36,50.4,29.5,494.6,32.3,33.5,36.5,40.1,,
2026-1-8 7:00:00,43.4,43.3,46,40.5,38.9,40.6,36.5,50.5,30.3,470,32.1,34.2,36.6,40.8,,
2026-1-8 7:10:00,44.2,43.1,46.2,40.2,39.7,41.1,36.2,50.7,30.5,423.4,32.3,34,36.4,40.3,,
2026-1-8 7:20:00,44.6,43.2,47.1,40.8,40.1,42.3,36.4,51.8,30.7,540.4,33,34,36.6,41,,
2026-1-8 7:30:00,44.8,43.3,47.2,40.9,40.2,42,36.9,51.7,30.5,488.2,33.2,34.3,36.7,40.5,,
2026-1-8 7:40:00,45,43.8,46.6,42.5,41.1,43.1,36.6,51.7,31.2,464.8,33,34.6,37,40.7,,
2026-1-8 7:50:00,45.3,43.6,47.1,42.9,41.7,43.8,36.9,51.8,30.7,524.3,33.2,34.7,36.8,40.7,,
2026-1-8 8:00:00,45.3,44.7,47.2,42.1,41.9,43.4,37.5,52.3,31.6,562.3,33.2,35.1,37,41.4,,
2026-1-8 8:10:00,45.8,44.4,47.8,42.6,42.4,43.2,37.3,52.4,31.3,0,33.4,35.2,37.5,41.3,,
2026-1-8 8:20:00,45.9,44.9,48.3,43.2,42.6,44.7,37.6,53.3,31.8,576.7,33.7,34.8,37.7,41.6,,
2026-1-8 8:30:00,45.8,45.3,47.6,43.2,43.3,44,37.9,52.7,31.5,617.1,33.7,35.5,37.6,41.4,,
2026-1-8 8:40:00,46.5,45.8,47.9,44.7,43.3,45.6,37.9,53,32.5,0,33.9,34.9,37.3,41.3,,
2026-1-8 8:50:00,46.2,45.6,48.8,44.2,43.2,44.6,37.4,53.7,32.5,-1.8,34.1,35.5,37.4,41.5,,
2026-1-8 9:00:00,46.6,45.8,48.8,44.7,44.1,46.3,37.7,54,32.2,0,33.7,35.7,37.7,41.6,,
2026-1-8 9:10:00,46.9,45.4,48.9,44.5,44.4,45.5,37.6,53.7,32.6,631.1,34.2,35.7,38.1,41.9,,
2026-1-8 9:20:00,47.6,46.5,49.1,45.3,44.5,45.4,37.8,53.7,32.6,639.5,34,36.1,37.5,41.8,,
2026-1-8 9:30:00,47.1,46.6,48.5,45.1,45,46.8,38.2,54.6,32.4,683.8,34.1,36,37.7,42.2,,
2026-1-8 9:40:00,47.3,46.6,49.3,45.7,44.6,47.3,38.1,54.1,33.1,634.1,34.4,35.8,37.7,41.7,,
2026-1-8 9:50:00,47.6,46.5,49.4,46.6,45.4,47.6,38.3,54.5,33.7,644.3,34.2,36.2,38.4,42.1,,
2026-1-8 10:00:00,48.2,46.3,49.7,46.7,45,47.8,38.3,54.4,33.5,662.3,34.5,35.8,38,41.9,,
2026-1-8 10:10:00,48,46.7,49.7,46,46.1,47.3,38.4,54.8,33,676.2,34.5,36.5,38.1,42.3,,
2026-1-8 10:20:00,47.8,47.4,49.6,47,46,48.3,38.2,55,33.5,613.7,34.3,35.9,38.1,42.4,,
2026-1-8 10:30:00,47.9,47.4,49.6,46.6,45.5,48.6,38.7,55.5,33.6,653.4,34.7,36.6,38.3,42.5,,
2026-1-8 10:40:00,48.6,47.3,50.1,47,45.8,47.4,39,55.1,33.3,-1.8,34.6,36.7,38.5,42.3,,
2026-1-8 10:50:00,48.9,47.6,50.1,47.1,46.6,47.8,38.9,55.4,34.3,707.3,34.6,36.7,38.7,42.3,,
2026-1-8 11:00:00,48.7,48.1,49.8,46.8,46.2,49.1,39,55.7,33.6,659,35,36.8,38.1,42.5,,
2026-1-8 11:10:00,49,47.2,50,47.8,46.3,47.8,38.9,56.1,33.7,722.2,34.4,36.7,38.9,42.6,,
2026-1-8 11:20:00,48.3,47.5,50,47.5,47.2,48.4,38.9,56,34,712.6,34.5,36.9,38.7,42.6,,
2026-1-8 11:30:00,49.1,47.5,49.8,47,46.7,48.5,39.1,56.3,34.5,-1.8,34.8,36.9,38.4,42.7,,
2026-1-8 11:40:00,49.2,47.7,50,48,47.4,48.1,38.6,56.1,33.7,728.5,34.6,36.8,39,42.7,,
2026-1-8 11:50:00,48.7,47.9,49.7,47.5,46.1,48.7,39.2,55.5,34,707.5,35.3,36.4,38.5,42.8,,
2026-1-8 12:00:00,49,47.9,50.1,48.5,47.2,48.4,38.6,55.7,34.5,679.9,34.7,37,38.5,42.4,,
2026-1-8 12:10:00,48.6,48,50.5,48.2,46.8,49.5,38.8,55.4,33.9,-1.8,34.8,36.8,38.4,42.8,,
2026-1-8 12:20:00,49.2,47.7,50,48.5,46.3,48.3,38.7,56,34.6,749.2,34.6,36.9,38.6,42.3,,
2026-1-8 12:30:00,48.6,47.8,50.4,48,46.2,48.4,39,55.5,34.3,-1.8,34.9,37.1,38.9,42.8,,
2026-1-8 12:40:00,49.4,47.4,50.6,47.3,46.1,48.8,39.2,56.3,34,693.7,34.9,37.1,38.3,42.3,,
2026-1-8 12:50:00,48.9,47.4,50.4,48,46.6,49.4,38.7,55.9,34.6,743.5,34.7,37.1,38.6,42.8,,
2026-1-8 13:00:00,48.4,47.8,50.1,47.1,46.3,49.3,38.6,56.2,34.6,661.7,34.7,36.9,38.3,42.8,,
2026-1-8 13:10:00,48.8,47.2,50.7,47,47.1,48.5,38.7,55.8,34.4,672.5,35,36.4,38.9,42.6,,
2026-1-8 13:20:00,48.6,48.1,50.2,47.5,47.2,47.8,38.9,56,34,710.7,34.9,36.5,38.7,42.3,,
2026-1-8 13:30:00,49,47.6,50.6,47.9,46.7,48.8,38.9,55.9,34.2,625.9,35.2,36.5,38.8,42.1,,
2026-1-8 13:40:00,48.5,47.7,50.5,47.2,46.6,48,38.9,55.4,34.4,717.2,34.9,36.4,38.5,42.7,,
2026-1-8 13:50:00,48.1,47.8,50,47.1,46.2,49,38.9,55.9,34.3,660.8,34.5,36.5,38.3,42.2,,
2026-1-8 14:00:00,48.1,46.9,49.7,47,45.9,48,38.9,55.6,33.8,658.2,34.9,36.8,38.4,42.8,,
2026-1-8 14:10:00,47.9,47.5,49.7,46.8,45.3,48.1,38.3,55.7,33.7,610.8,35,36.7,38.2,42.5,,
2026-1-8 14:20:00,47.8,46.7,49.8,46.6,45.6,47.2,38.5,55,33.8,621.7,34.9,36.7,38.4,42.6,,
2026-1-8 14:30:00,48.4,47.2,49.5,46.2,46,47.4,38.3,55.1,33.7,664.9,34.4,36.1,38.4,42.1,,
2026-1-8 14:40:00,47.6,46.5,49.1,46.9,44.8,47.2,38.8,54.9,33,612,34.1,36.5,38,41.9,,
2026-1-8 14:50:00,48.2,46.6,48.7,45.4,45,47.8,38.1,54.7,33.6,617.3,34.2,35.8,38.5,42.3,,
2026-1-8 15:00:00,47.3,46.2,48.6,46.1,45.3,46.7,38.1,54.6,33.4,644,34.4,35.7,38.3,42.3,,
2026-1-8 15:10:00,47.3,46.8,49.1,45.4,44.9,45.9,38.1,54.2,33,599.3,34.5,36.2,37.8,42.3,,
2026-1-8 15:20:00,47.4,45.7,48.4,46,44,47,37.8,54.7,33.3,594.4,34.1,35.7,37.7,41.6,,
2026-1-8 15:30:00,47.4,46.5,48.9,45.6,44.6,46,38.3,54.1,32.5,621.7,34.1,35.8,37.7,42.2,,
2026-1-8 15:40:00,46.9,45.3,48.4,45.3,43.9,45.8,37.8,54.1,32.4,519,34.1,35.6,37.6,42.1,,
2026-1-8 15:50:00,46.8,45.4,48.4,45.1,43.8,45.5,37.5,53.8,32.4,612.4,34,35.1,37.9,42,,
2026-1-8 16:00:00,46.3,45.5,48.8,43.7,43.6,45.4,37.8,53.4,32,0,34.1,35.4,37.3,41.8,,
2026-1-8 16:10:00,46.3,45.4,47.7,43.4,43.3,44.6,37.3,53.2,32.4,528.8,33.9,35.3,37.6,41.2,,
2026-1-8 16:20:00,45.8,45.2,48.3,43.7,42.5,44.6,37.6,52.8,32.4,536.7,33.4,34.8,37.8,41.6,,
2026-1-8 16:30:00,45.6,44.4,47.5,43.6,42.9,43.6,37.7,53.3,32,532.7,33.7,35.2,37.1,41.5,,
2026-1-8 16:40:00,45.3,44.9,47.7,43.4,42.4,44.4,37.6,52.4,32,-1.8,33.1,34.8,37.2,41.7,,
2026-1-8 16:50:00,45.1,44.8,47.6,43.2,42.3,43.5,37.3,52.5,30.9,514.2,32.9,35.1,37.6,41.4,,
2026-1-8 17:00:00,44.8,44.8,46.7,41.8,41.7,42.8,36.8,51.9,31.6,497.6,33.5,34.6,37.2,40.7,,
2026-1-8 17:10:00,45.1,44.1,47.6,42.6,40.3,43.8,37.2,52.1,31.1,0,32.7,34.9,37.2,41.2,,
2026-1-8 17:20:00,45,44.3,46.9,41.6,40.7,43.3,36.8,51.7,30.4,418.3,33.1,34.1,36.7,41,,
2026-1-8 17:30:00,44.4,43.8,46.9,41.5,40.3,41.7,36.5,51.2,30.5,442.5,32.9,34.6,36.6,40.7,,
2026-1-8 17:40:00,44.3,42.9,46.5,41.3,40,42.7,36.6,51.1,30.7,410.3,32.9,33.8,36.9,40.5,,
2026-1-8 17:50:00,43.9,42.8,45.7,40.8,39.1,42.1,36.3,50.7,30.5,-1.8,32.9,33.6,37,40.2,,
2026-1-8 18:00:00,43.5,43.4,46.5,40,39.5,41.6,36.4,51.1,30.4,444.2,32.1,33.7,36.5,40.4,,
2026-1-8 18:10:00,44.1,42.7,46.1,39.9,38.6,41.4,36.7,50.5,29.7,387.7,32.7,33.5,36.7,40.1,,
2026-1-8 18:20:00,42.9,41.8,46.2,39.7,38.4,40.9,35.8,50.3,29.2,394.4,31.9,33.6,36.4,40.5,,
2026-1-8 18:30:00,43.4,42.1,45.6,38.6,37.8,40.8,36.5,49.9,29.1,339.8,32.3,33.5,36,40.4,,
2026-1-8 18:40:00,42.8,42.5,44.8,39.1,37.4,40.7,35.9,49.7,29.4,293.3,31.8,32.9,36.3,40.2,,
2026-1-9 8:50:00,50.5,50.1,51.7,50.9,49.1,51.3,39.5,57.7,35.2,603,35.6,37.5,39.5,43.7,,
2026-1-9 9:00:00,51,49.3,52.3,51.4,49.6,51.2,39.7,57.9,35.4,575.2,36.1,37.7,39.8,43.1,,
2026-1-9 9:10:00,51.2,50.6,51.9,51.1,49.6,51.9,40.1,57.8,35.8,590.2,36.4,38.2,39.3,43.3,,
2026-1-9 9:20:00,51.8,49.7,52.6,51.5,50.4,53.1,40,58.3,36.4,567.1,36.1,38.5,39.7,43.4,,
2026-1-9 9:30:00,51.7,51,52.3,52,50.9,52.8,40.3,58,36.7,637.5,36.1,38,40,43.5,,
2026-1-9 9:40:00,51.8,50.9,53.2,52.3,51.5,53.2,40.4,58.5,36.5,601.6,36.4,38.2,39.6,43.5,,
2026-1-9 9:50:00,51.8,50.6,52.1,51.8,51,53.3,40.5,58.5,36.7,644.9,36.8,38.5,40,44,,
2026-1-9 10:00:00,51.7,50.8,53,51.9,51.1,54.2,40.8,59.3,37.3,697.4,36.5,38.6,40.2,44,,
2026-1-9 10:10:00,52.2,51.7,52.6,52.8,51.9,53.2,40.9,59.2,37.1,647.4,36.8,38.8,40.1,44.4,,
2026-1-9 10:20:00,52.2,50.9,52.5,53.7,51.4,53.8,40.5,59.5,36.9,632,36.4,38.6,40.3,44,,
2026-1-9 10:30:00,52,51.7,53.5,53.2,52.6,54.9,41,59.9,36.9,-1.8,36.9,39.2,40.3,43.7,,
2026-1-9 10:40:00,52.9,51.8,53.9,52.9,52.1,54.6,41.2,59.3,37.8,652.8,36.8,38.5,39.9,44.2,,
2026-1-9 10:50:00,52.8,51.4,53.3,53.1,52.6,55.2,41.2,60.2,37,0,36.9,38.9,40,43.9,,
2026-1-9 11:00:00,52.7,52.3,53,53.5,52.8,54,40.7,60.2,37,0,37.2,38.8,40.2,44.3,,
2026-1-9 11:10:00,52.8,51.5,53.8,54.4,52.6,54.8,41.1,60.3,37.4,676.1,36.6,39.1,40.1,44.5,,
2026-1-9 11:20:00,52.6,52.4,53.1,53.7,52.7,55.2,40.8,59.5,37.4,651.7,37.3,39,40.6,44.3,,
2026-1-9 11:30:00,52.6,51.8,53.9,53.7,53,55.8,40.6,60,37.9,673.9,36.8,39.5,40.7,44,,
2026-1-9 11:40:00,53.2,51.7,54,54,53.1,55.4,40.8,59.8,37.6,643.2,37,39.5,40.5,44.1,,
2026-1-9 11:50:00,52.9,52.2,53.4,54,52.7,54.4,40.9,59.7,37.3,681.4,36.7,39.5,40.5,44.2,,
2026-1-9 12:00:00,52.8,52.2,53.4,54.7,52.6,55.5,40.7,60.6,38.2,673.5,36.8,39,40,44.6,,
2026-1-9 12:10:00,53.3,52.4,53.6,54.6,53.5,54.8,41.2,60.2,37.3,-1.8,37.3,39,40.1,44.4,,
2026-1-9 12:20:00,53.1,51.6,54.2,54.4,52.9,54.5,40.9,60.5,37.9,702.7,37.2,39.6,40.3,44.6,,
2026-1-9 12:30:00,53.2,52.3,54.4,54.2,52.8,55.1,41.2,60.4,37.8,720.1,37.2,39,40.5,44.1,,
2026-1-9 12:40:00,53.1,51.7,54.3,53.9,52.7,54.6,40.8,60.5,38.2,719.6,36.9,39.5,40.4,44.1,,
2026-1-9 12:50:00,52.6,52.2,53.8,54.4,53.5,55.8,40.8,59.7,38,644.7,36.8,39.1,40.3,44.2,,
2026-1-9 13:00:00,53.5,52.6,53.6,54.4,53.2,54.9,41.2,59.6,38,647.3,37.3,38.8,40.2,44.4,,
2026-1-9 13:10:00,53.2,52.5,53.9,53.6,52.9,54.6,41.1,60.1,37.9,721.6,37.1,38.8,40.7,44.1,,
2026-1-9 13:20:00,53,52.2,53.5,54,53.4,54.8,41,59.8,37.1,675.9,37.2,39.4,40.1,44.6,,
2026-1-9 13:30:00,53.1,51.6,53.4,54.4,53.4,54.1,40.8,59.8,37.4,681.4,37.1,39.5,40.2,44.3,,
2026-1-9 13:40:00,53.3,51.4,53.6,54.1,52.3,54,40.7,59.4,37.5,-1.8,36.7,39.4,40.3,44.3,,
2026-1-9 13:50:00,52.5,51.5,52.9,54,52.9,53.8,40.5,59.9,37,694.4,36.6,38.8,40.6,44,,
2026-1-9 14:00:00,52.1,51.5,52.7,52.9,52.7,55,40.6,60,37.4,646.7,37,39.3,40.2,44.4,,
2026-1-9 14:10:00,52.1,51,52.6,52.9,52.1,54.5,40.6,59.8,37.4,648.4,36.4,39.2,40.5,43.8,,
2026-1-9 14:20:00,52.3,51.8,53,52.4,51.7,53.6,40.9,59.5,37,616.6,36.7,39.1,40.3,44.4,,
2026-1-9 14:30:00,52.1,51.7,53.4,52.6,51.5,53.9,40.8,59,37,675.9,36.5,38.4,39.7,44.3,,
2026-1-9 14:40:00,52.5,51.6,52.5,52.3,52.1,54.4,40.6,59.1,37.1,0,36.4,38.7,39.9,43.8,,
2026-1-9 14:50:00,51.6,50.9,52.3,52.7,50.8,53.3,40.5,58.4,36.6,583.7,36.4,38.5,39.6,44.1,,
2026-1-9 15:00:00,52.2,50.2,52.6,52.7,51,52.8,40.4,58.9,37.1,601.4,36.6,38.3,39.9,43.6,,
2026-1-9 15:10:00,51.3,50.5,52.1,51.2,51.5,53.6,40,58.6,36.7,633.6,36.4,38.4,39.5,43.9,,
2026-1-9 15:20:00,51.9,50.7,52.8,51.9,51.1,52.5,40.3,58.6,36.7,595.5,36.5,38.4,39.3,43.9,,
2026-1-9 15:30:00,51.5,50.3,52.2,51.7,49.9,51.9,40.4,57.9,36.1,532.3,36.1,38.4,39.4,44,,
2026-1-9 15:40:00,50.8,49.5,51.7,50.3,49.5,52.6,39.8,58,36,-1.8,35.9,38.3,39.9,43.3,,
2026-1-9 15:50:00,50.9,49.8,51.3,50.8,49.9,52.3,39.7,58.2,35.8,571.4,35.9,38.2,39.7,43.3,,
2026-1-9 16:00:00,51.1,49.9,51.5,50.2,48.8,50.8,39.5,57.9,35.4,503.1,35.7,37.8,39.1,43.3,,
2026-1-9 16:10:00,50.4,49.4,50.9,50.7,49.3,51.1,39.3,57.3,35.5,0,35.6,37.9,39.5,42.8,,
2026-1-9 16:20:00,50.3,49.1,50.8,50.2,48.1,50.2,39.9,57.6,35.5,0,35.8,37.9,39.4,43.2,,
2026-1-9 16:30:00,50.2,48.9,51.1,49.4,48.2,50.3,39.4,56.6,35.1,505,35.4,37.2,39,42.9,,
2026-1-9 16:40:00,49.4,48.3,50.8,48.5,47.6,49.9,39.6,56.3,34.8,539,35.7,37.6,38.7,43.1,,
2026-1-9 16:50:00,49.1,48,50.9,48.30001,47.5,49.4,39,56.7,34.5,506.1,35.6,37.2,38.5,42.8,,
2026-1-9 17:00:00,49.4,48.6,50.4,48.1,47.7,49.8,39.1,56.1,34.1,498.1,35.1,36.9,38.6,42.9,,
2026-1-9 17:10:00,49.2,48.2,50.4,48.4,47.3,48.7,39.1,56.3,34.2,0,35.3,37,38.9,42.3,,
2026-1-9 17:20:00,49.2,48,49.8,48.3,46.3,49.2,39.2,55.7,34.2,415.9,34.6,36.7,38.4,42.7,,
2026-1-9 17:30:00,48.3,47.2,49.6,46.6,45.8,47.5,38.4,55.7,34.2,402.7,34.8,36.9,38.1,42.2,,
2026-1-9 17:40:00,48.1,47.3,49.5,46.6,45.3,47.7,38.9,55,33.7,399.5,35,36.7,38.2,42.7,,
2026-1-9 17:50:00,48.1,46.8,50,47.1,45.4,47.9,38.7,55.1,33.8,436.9,34.7,36,38.5,41.9,,
2026-1-9 18:00:00,47.5,46.7,49.1,46.4,45.2,47.7,38.5,55.2,32.9,400.9,34.6,35.7,38.4,42,,
2026-1-9 18:10:00,47,45.9,49.4,45.2,44.2,46.3,38,54.5,32.7,414.8,34,35.6,38.1,42,,
2026-1-9 18:20:00,47.3,45.7,49,45.9,44.1,47,37.9,54.1,32.5,413.2,34.5,35.6,38.1,41.7,,
2026-1-9 18:30:00,47.4,45.5,48.5,45,44,46.3,38.3,54.2,32.7,292.5,33.8,35.4,38,42.1,,
2026-1-9 18:40:00,46.5,45.8,48.8,44.7,43.8,45.7,38.1,53.7,32.3,0,33.5,35.2,37.7,41.5,,
2026-1-9 18:50:00,46.8,46,48.6,43.8,43.9,44.7,37.4,53.1,32.3,335.6,33.7,35.6,37.3,41.8,,
2026-1-9 19:00:00,46.4,45.4,47.8,44.1,42.4,45.6,37.7,53.2,31.7,285.9,34,35.4,37.7,41.5,,
2026-1-9 19:10:00,46,44.6,47.3,43,42.2,45.3,37.6,53.2,32.3,241.9,33.4,34.9,37,41.2,,
2026-1-9 19:20:00,45.8,44.3,48.2,42.9,42.2,45,37.5,52.3,32,303.6,33.6,35.3,37.7,41.5,,
2026-1-9 19:30:00,45.3,44,47.4,42.3,42,43.7,37.1,52.7,31.8,0,33,34.6,37.5,41,,
2026-1-9 19:40:00,45.6,44.9,47.9,42.8,41.4,43.6,37.2,52.7,31.7,299.4,32.9,34.7,37.3,40.9,,
2026-1-9 19:50:00,44.8,44.3,46.6,41.6,41.6,43.5,37.3,52.2,31.1,185.2,33.2,34.4,36.7,41.3,,
2026-1-9 20:00:00,45.3,43.9,47.4,41.8,41,43.1,37.1,51.6,30.7,245.9,33.1,34.4,37.2,41.3,,
2026-1-9 20:10:00,44.5,43.5,46.9,41.8,40.2,43.2,36.7,52,30.7,262.5,32.9,34.4,36.7,41.3,,
2026-1-9 20:20:00,44.4,43.1,46.5,41.8,40.7,42.7,36.5,51.2,30.7,149.2,32.9,34.3,36.6,41.1,,
2026-1-9 20:30:00,44,43.1,46.2,41.3,40.1,42,36.4,51.7,30,150.6,32.9,34.3,36.9,40.8,,
2026-1-9 20:40:00,44.1,43,45.7,40.5,40.2,41.3,36.9,51.2,29.8,148.9,32.7,33.8,36.8,40.8,,
2026-1-9 20:50:00,44.1,43.1,46.4,39.8,38.7,41.1,36.8,51.3,29.9,143.2,32.7,33.7,36.5,40.9,,
2026-1-9 21:00:00,43.8,42.9,45.8,40.3,38.9,41.4,36.2,50.7,29.7,191.7,32.1,33.5,36.8,40.4,,
2026-1-9 21:10:00,43.9,42.7,46.2,39.5,39.4,40.8,36.2,50.5,30.1,113.7,32.1,33.6,36.2,40.7,,
2026-1-9 21:20:00,43,42.3,45.9,40,39,40.9,36.6,50.2,29.3,157.8,32.1,33.2,36.1,40.3,,
2026-1-9 21:30:00,43.5,42.5,45.8,39,38.1,39.6,36.4,50.1,30,-1.8,32,33.6,36.2,40,,
2026-1-9 21:40:00,42.9,41.6,45,39.2,38.7,40.8,35.7,50.1,29.6,84.5,32.2,33.5,36.5,39.9,,
2026-1-9 21:50:00,42.6,41.3,44.7,39,37.2,40.5,36.3,50,28.9,116.6,32.3,33.3,35.9,40.3,,
2026-1-9 22:00:00,42.9,41.9,45.1,38,37.2,39.6,35.8,49.5,28.9,112.1,31.9,33.4,35.8,39.9,,
2026-1-9 22:10:00,42.3,41.9,45,38.7,37.6,39,35.7,49.4,29.3,68.9,31.8,33.1,36.2,39.9,,
2026-1-9 22:20:00,42.9,42,45.5,39,37.8,40,35.8,49.8,28.5,-1.8,32,33.4,36.3,40.1,,
2026-1-9 22:30:00,42.2,40.9,44.4,37.7,37.1,38.8,35.5,49.3,28.7,0,31.7,33.1,35.8,39.5,,
2026-1-9 22:40:00,42.6,41.4,45.2,38.7,37,38.5,36.1,49,28.3,50.3,31.7,32.9,36.2,39.7,,
2026-1-9 22:50:00,42.7,40.9,45.3,38.1,37.5,39.1,35.9,48.9,28.8,83.7,31.6,33.2,35.8,40,,
2026-1-9 23:00:00,42.4,40.8,45.1,38.2,37.3,38.9,35.5,49.6,28.9,125.3,31.4,33.1,35.7,39.9,,
2026-1-9 23:10:00,42,40.7,44.2,38,36.2,38.7,35.7,48.7,28.4,118.3,31.7,32.5,35.8,39.5,,
2026-1-9 23:20:00,42,40.6,44.5,37.3,36.2,38,35.7,49.5,28.6,61.4,31.6,32.9,35.8,39.8,,
2026-1-9 23:30:00,41.7,41.6,44.4,37.9,36,37.9,35.8,48.9,29,0,31.5,32.6,35.7,40,,
2026-1-9 23:40:00,42,40.7,44.8,37.7,36.1,39.1,35.5,48.7,28.1,-1.8,31.6,32.8,35.4,39.5,,
2026-1-9 23:50:00,41.7,40.7,45,38,36.9,39.2,35.5,49.3,28.2,20.2,31.2,32.5,36,39.9,,
2026-1-10 0:00:00,42.2,41.5,44.6,37.8,36.4,38.4,35.2,49.4,28.8,79.3,31.1,32.5,35.6,39.8,,
2026-1-10 0:10:00,42.3,41.5,44.3,37.8,36.1,38.8,35.6,49,28.8,54.3,31.5,32.6,35.7,39.4,,
2026-1-10 0:20:00,42.4,41.2,44.1,36.9,36.7,39.1,35.9,49,28.4,79.1,31.3,32.5,35.7,40.2,,
2026-1-10 0:30:00,41.6,40.7,44.1,37.8,37.2,38,35.5,48.7,29,29.8,31.7,32.7,35.9,39.5,,
2026-1-10 0:40:00,41.8,40.9,44.9,38.1,37.1,38.7,35.7,48.7,28.9,91.1,31.9,32.9,35.7,39.8,,
2026-1-10 0:50:00,42,40.7,44.2,38.2,37.3,38.1,35.9,49.2,28.7,-1.8,31.2,33,36,40.2,,
2026-1-10 1:00:00,41.7,40.6,44.2,37.9,37.5,38.9,35.8,49.5,28.7,51.1,31.3,33.1,35.5,39.5,,
2026-1-10 1:10:00,42.5,41.8,44.2,37.4,37.2,38.3,35.3,49.4,28.4,0,31.7,32.6,35.7,40.1,,
2026-1-10 1:20:00,42.4,41.3,45.4,38,37.5,38.7,35.9,49.6,28.4,136.3,31.4,32.7,36.1,39.7,,
2026-1-10 1:30:00,42.1,41.8,45.1,38.4,37.4,39.8,35.8,49,28.6,146.6,31.7,32.6,36.2,40.1,,
2026-1-10 1:40:00,42.7,41.5,45.5,39,37.3,39.7,35.7,49.2,29.1,0,31.6,33.1,35.9,40.1,,
2026-1-10 1:50:00,42.8,42.2,44.7,38.6,38,39.4,36,49.8,28.8,51.8,31.8,33.2,35.9,40.1,,
2026-1-10 2:00:00,43.1,41.7,45.7,38.3,37.2,39.9,35.9,49.9,29.5,56.2,31.7,33.3,36.5,39.9,,
2026-1-10 2:10:00,43.2,42.4,45,39.3,38.5,39.3,36.1,50.3,29.6,81.2,31.7,33.6,35.9,39.8,,
2026-1-10 2:20:00,43,42.4,45.2,39.4,38.8,39.6,35.8,50.4,29.2,110.1,31.7,33.3,36.4,40.3,,
2026-1-10 2:30:00,42.8,42.7,45.7,38.8,38.9,40.9,36,50.6,29.6,93.2,31.9,33.5,36.3,40.6,,
2026-1-10 2:40:00,43.2,42.3,45.2,40,39.2,39.8,35.9,50.8,29.8,196.2,32.1,33.3,36.6,40.2,,
2026-1-10 2:50:00,43.2,42.4,46.3,39.1,38.6,41.2,36.6,50.3,29.6,108.7,32.5,33.3,36.7,40.1,,
2026-1-10 3:00:00,43.5,43,45.5,40.5,38.7,41.6,36.4,50.6,29.7,160.2,32.4,34,36.3,40.1,,
2026-1-10 3:10:00,44.3,42.3,46,41,39.6,41.3,36.7,51.2,30.4,185,32.4,33.5,36.8,40.7,,
2026-1-10 3:20:00,44.5,43.7,46.2,40.6,40,42,36.2,51.1,30.6,219.2,32.4,34.1,36.8,40.4,,
2026-1-10 3:30:00,44.1,43.7,46.6,40.5,40.4,41.7,37,50.8,29.9,208,32.8,34.2,36.3,40.7,,
2026-1-10 3:40:00,44.8,43.5,47.2,41.9,40.3,41.6,37,51.1,30.1,194.7,32.5,34.2,36.8,41,,
2026-1-10 3:50:00,44.5,43.9,47.1,42.1,40.3,42.5,36.9,51.4,30.6,210.4,33.1,34.5,37.1,40.8,,
2026-1-10 4:00:00,44.7,43.6,46.7,41.2,41.2,42.4,37,51.6,31.4,171.4,33.2,34.2,37.3,41,,
2026-1-10 4:10:00,45.1,44,47,42.3,40.9,42.7,37.4,52.6,31.1,290.4,33.1,34.4,37,41,,
2026-1-10 4:20:00,45.2,44.4,47.5,41.9,42,44.1,37.3,52.1,31.5,0,33.4,34.3,37.5,41.5,,
2026-1-10 4:30:00,45.5,44.2,47.5,42.2,42.5,43.2,37.1,53.1,31.1,267.2,33.1,34.8,37.3,41.2,,
2026-1-10 4:40:00,45.7,44.5,47.2,42.6,42.8,43.5,37.6,53.1,31.7,319.4,33.6,34.8,37.2,41,,
2026-1-10 4:50:00,46.5,45.4,47.7,44.2,42,44.1,37.3,52.7,32,251.9,33.6,34.7,37.8,41.8,,
2026-1-10 5:00:00,46.2,44.8,47.8,44.3,43.2,44.3,37.7,53.8,32.4,264.4,33.2,35.3,37.3,41.3,,
2026-1-10 5:10:00,46.7,45.3,48.2,44.7,43,44.6,37.5,53.2,31.8,262.1,33.4,35.4,37.9,41.8,,
2026-1-10 5:20:00,46.5,45.7,48.4,44,44.1,45.5,37.7,53.4,32.4,346,33.7,35.2,37.6,42.1,,
2026-1-10 5:30:00,46.8,45.5,48.1,45.5,44.5,46.2,37.8,54.1,32.7,398.2,34.3,35.3,38.1,41.7,,
2026-1-10 5:40:00,47.3,46.6,49.4,44.9,45,45.9,37.8,54.4,33.3,344.2,33.8,36.1,38,41.8,,
2026-1-10 5:50:00,47.4,46.3,49.7,45.1,45.2,46.8,38,54.9,33,375.3,34.3,35.6,38.2,41.9,,
2026-1-10 6:00:00,47.8,46.4,49.9,46.7,44.6,47.3,38.3,54.5,32.9,-1.8,34.6,36,38.3,41.8,,
2026-1-10 6:10:00,47.7,46.7,49.9,46.5,45,48.2,38.2,54.6,33.7,0,34.5,36.4,38,42.6,,
2026-1-10 6:20:00,48.6,47.4,50.2,46.5,45.2,48.3,38.3,55.6,33.4,400.8,34.6,36.4,38.3,42.4,,
2026-1-10 6:30:00,48.3,47.3,49.4,47.1,45.8,48.2,39,56,33.9,388.8,34.5,36.3,38.3,42.2,,
2026-1-10 6:40:00,48.6,48.1,50,47.5,46.7,47.9,38.6,56.2,34,416,35.2,36.4,38.3,42.8,,
2026-1-10 6:50:00,48.8,48.3,50.5,48.2,46.7,48.5,38.7,55.8,34.1,-1.8,34.9,36.4,38.8,42.3,,
2026-1-10 7:00:00,49,48,49.9,48.8,47.7,50.2,39,56.6,34.1,0,34.9,36.9,39,42.6,,
2026-1-10 7:10:00,49.9,48.3,50.3,48.7,47.5,49.6,39.4,56.3,34.3,521.4,35.5,37.2,38.7,42.5,,
2026-1-10 7:20:00,49.3,48.5,51.4,48.8,47.4,50.7,39.2,56.3,35,-1.8,35.2,37.2,38.8,42.9,,
2026-1-10 7:30:00,50.2,49.2,51,50.1,48.4,50.6,39.7,56.6,34.7,446.7,35.6,37.3,38.9,43.1,,
2026-1-10 7:40:00,50.2,49.5,50.9,50.4,48.9,50.4,39.4,57.3,35.3,0,35.4,37.6,39.4,43.4,,
2026-1-10 7:50:00,50.1,49.3,51.4,50.7,48.7,50.3,40.1,57.7,35.7,561.9,35.3,37.6,39,43,,
2026-1-10 8:00:00,50.2,50.1,52.3,50,48.7,51.2,39.4,57.2,35.9,568.3,36.2,37.6,39.2,43.3,,
2026-1-10 8:10:00,50.5,49.7,51.7,50.3,49.5,51.4,40.1,57.6,36.1,591.3,35.9,37.6,39.6,43.5,,
2026-1-10 8:20:00,51.5,50.5,51.8,51.3,50,51.6,39.6,58,35.7,540.4,36.3,38,39.8,43.5,,
2026-1-10 8:30:00,51.6,50.6,51.9,50.7,50.5,52.1,40.1,57.8,36.6,593.7,35.9,38.4,39.2,43.3,,
2026-1-10 8:40:00,51.6,50.7,52.8,51,50.7,53.1,40.1,58.8,36.5,576.8,36.1,37.9,40,43.4,,
2026-1-10 8:50:00,51.9,51,52.6,51.9,51.5,53.1,40.6,58.3,36.5,0,36.6,38.7,39.7,43.4,,
2026-1-10 9:00:00,51.4,50.5,52.8,52,50.6,53.4,40.3,59.1,36.9,649.7,36.2,38.1,39.8,44,,
2026-1-10 9:10:00,51.7,50.8,52.5,52.5,51.5,52.6,40.8,59.2,37.1,607.4,36.2,38.1,39.6,43.9,,
2026-1-10 9:20:00,52.5,51.2,52.4,52.8,52,53.7,40.3,58.9,36.7,667.7,36.7,38.8,40.3,43.8,,
2026-1-10 9:30:00,51.9,51.3,53.3,53,51.1,53.8,40.4,59.3,37,591.7,36.5,38.7,39.8,43.9,,
2026-1-10 9:40:00,52.6,50.9,52.9,52.4,51.7,54.5,40.7,59.4,36.7,588.7,36.8,39.1,40.1,44,,
2026-1-10 9:50:00,52.5,51.1,53.8,52.9,51.9,54.1,40.9,59.8,36.7,668.8,36.7,38.5,40,44.2,,
2026-1-10 10:00:00,52.4,51.5,52.9,53.1,51.9,54.8,41.2,59.5,37.4,613.8,36.7,38.9,40.3,44.5,,
2026-1-10 10:10:00,53.1,51.7,53.3,53.3,52.2,54.9,41.1,59.2,37.6,717.6,37,38.7,40.2,44.1,,
2026-1-10 10:20:00,52.9,51.3,53,53.7,52.7,54.3,41,59.9,37.3,610.7,37.2,38.8,40.5,44.1,,
2026-1-10 10:30:00,52.6,52.3,53.3,53.4,52.3,54.3,40.7,60.1,37.6,652.2,37.1,38.9,40.6,44.6,,
2026-1-10 10:40:00,53.3,51.4,54,54.5,52.4,54.5,40.9,59.5,38,740.7,37.2,39.4,40.2,44.1,,
2026-1-10 10:50:00,52.6,52.5,53.5,54.6,53.5,54.3,41.4,60.4,37.2,691.4,37.4,39.1,40.1,44.6,,
2026-1-10 11:00:00,52.6,52,53.6,53.6,52.7,54.4,41.2,60.1,37.7,636.9,36.8,39.1,40.4,44,,
2026-1-10 11:10:00,53,51.7,54,54.3,53.1,55,41.1,60.6,38,672.7,37.4,39.2,40.5,44.4,,
2026-1-10 11:20:00,53.6,51.8,53.3,54.4,53,55.8,41.3,60.1,38.3,661.2,37.3,38.9,40.4,44.4,,
2026-1-10 11:30:00,53.6,51.6,54.2,54.9,53.3,55.3,41.3,60.5,37.7,755,36.7,39.4,40.4,44.5,,
2026-1-10 11:40:00,53.6,52.3,54.1,54.1,53.2,54.9,41.3,60.6,38.2,692.7,37.3,39.5,40.1,44,,
2026-1-10 11:50:00,53,52.3,54,54.7,52.6,54.9,41.2,59.9,38,706.9,37,39.6,40.3,44.6,,
2026-1-10 12:00:00,52.7,52.7,53.7,53.5,53.6,55.7,40.9,59.7,38,674.7,37.1,39.1,40.3,44.3,,
2026-1-10 12:10:00,53.3,51.8,54,53.9,52.5,55.5,40.9,60.2,37.6,731.7,37.3,39.3,40.6,44.5,,
2026-1-10 12:20:00,53.4,52.3,53.9,54.1,52.5,55.6,40.7,60.3,37.8,686.4,37.2,38.8,40.5,44.1,,
2026-1-10 12:30:00,53.3,52,53.4,54.4,52.4,54.9,41.1,59.7,38.1,701.3,37.1,39.2,40.7,44.1,,
2026-1-10 12:40:00,53.2,52.5,53.7,53.5,52.5,55.2,41.3,59.7,38,754,37.3,39.2,40.1,44.1,,
2026-1-10 12:50:00,52.6,52.3,53.2,54.5,52.8,54.2,41.3,59.6,37.8,662.1,37.2,39.3,40.7,44.5,,
2026-1-10 13:00:00,52.7,51.7,54,53.8,52.3,55.3,40.9,59.6,37,719.4,36.8,38.7,40.4,44.3,,
2026-1-10 13:10:00,52.9,51.1,53.6,53.4,52.3,54.4,41,59.2,37.1,0,36.5,38.9,39.9,44.5,,
2026-1-10 13:20:00,52.7,51.3,53.3,53.1,51.7,54.3,40.9,59.1,37.2,636.7,37,38.7,40.3,44.4,,
2026-1-10 13:30:00,52.2,51.4,53.3,53.8,52.3,54.3,40.9,59.4,37.5,629.6,37,39.2,39.9,44.3,,
2026-1-10 13:40:00,51.9,51.1,52.8,52.9,51.9,54.5,41,59.7,36.9,622.9,36.8,39,40.4,44.1,,
2026-1-10 13:50:00,52.6,50.9,53.1,52.9,52.3,54.3,40.2,58.8,36.9,650.3,36.8,38.5,40.2,44,,
2026-1-10 14:00:00,52.1,51,53.3,51.9,51.2,53.9,40.3,59.2,36.5,656.9,36.2,38.8,39.9,44.2,,
2026-1-10 14:10:00,52.3,50.4,52.3,51.6,51.5,53.6,40.3,58.5,36.7,671.2,36.7,38.7,39.7,43.8,,
2026-1-10 14:20:00,51.5,50.4,52.9,51.5,50.4,52.3,40.4,58.4,36.4,622.9,36.6,38.6,39.7,43.9,,
2026-1-10 14:30:00,51.3,51,52.1,52.4,50.4,53.1,39.9,58.9,36.2,589.3,36.3,38.7,39.9,43.6,,
2026-1-10 14:40:00,51.3,50.7,51.7,51,51.2,51.8,40.1,58.7,36.2,596.1,36.5,37.9,39.9,43.6,,
2026-1-10 14:50:00,50.7,49.9,52.5,50.5,50.2,52.3,39.8,57.8,35.7,570.3,36,38,39.3,43.2,,
2026-1-10 15:00:00,51.2,50.4,51.7,51.2,50.1,51.8,39.6,57.7,36.3,622.6,36.1,37.8,39.3,43.4,,
2026-1-10 15:10:00,50.2,49.1,52.1,50.4,49.7,51.3,40,57.8,35.5,634.9,35.6,38.1,39.7,43.7,,
2026-1-10 15:20:00,50.4,49.7,52.1,50,48.8,51.5,39.9,57.7,35.2,566.7,35.9,37.3,39.7,43.7,,
2026-1-10 15:30:00,50.1,48.7,51.8,50.5,49.4,51.2,40,57.5,35.5,600.6,35.8,37.2,39.4,43.2,,
2026-1-10 15:40:00,49.7,48.8,50.9,50.2,49,50.7,39.6,57.3,35.1,623.4,35.3,37.5,39.4,43,,
2026-1-10 15:50:00,49.3,48.2,51,48.9,47.5,50.8,39.6,57,34.8,-1.8,35.3,37.5,38.7,42.9,,
2026-1-10 16:00:00,49.8,49,50.5,48.5,47.5,49.5,39,56.9,35.1,500.5,35.1,36.9,38.5,42.9,,
2026-1-10 16:10:00,48.9,48.2,50.2,48.1,47.1,50.1,39,55.8,34.7,489.1,35.4,37.2,38.4,42.9,,
2026-1-10 16:20:00,49.4,48.1,49.9,48.6,46.7,48.9,39.1,56.2,34.3,483.6,35.4,36.4,38.4,42.7,,
2026-1-10 16:30:00,49.1,48,50,47.4,47,49.3,38.6,56.1,34.3,538.2,34.6,36.8,38.3,42.4,,
2026-1-10 16:40:00,48.9,46.9,49.4,46.9,46.3,48.7,38.6,55.6,33.7,537.3,34.5,36.7,38.8,42.5,,
2026-1-10 16:50:00,48.1,47.4,50.2,46.7,45.4,47.2,38.4,84.2,33.3,516.5,34.9,36.2,38.5,42.3,,
2026-1-10 17:00:00,47.7,46.7,49.6,46.2,45.4,46.6,38.1,55,33.8,515.6,34.2,35.9,38,42.6,,
2026-1-10 17:10:00,47.8,46.9,49.7,45.7,44.6,46.9,38.5,54.6,32.8,431.7,34.2,35.7,37.8,42.3,,
2026-1-10 17:20:00,47.5,45.8,49.1,45,45.2,46.8,38.4,54,32.6,428.4,33.9,35.4,37.7,42.1,,
2026-1-10 17:30:00,46.8,45.8,48.4,44.7,43.8,46.4,38.3,53.8,33.1,-1.8,34,35.4,38.1,41.6,,
2026-1-10 17:40:00,46.7,45.3,48.2,44.1,43.5,45.1,37.6,54.2,32.1,0,33.5,35.8,37.3,42,,
2026-1-10 17:50:00,46.4,45.1,48.6,43.9,43.3,45.2,37.6,53.7,31.8,407.6,34,35.6,37.7,41.5,,
2026-1-10 18:00:00,45.9,44.6,48,43.8,43.1,45.1,37.6,53.5,31.9,0,33.2,35.2,37.8,41.4,,
2026-1-10 18:10:00,45.6,45.1,47.5,43.9,42,43.7,37.5,53.1,32,374.3,33.7,35.3,37.5,41.7,,
2026-1-10 18:20:00,45.8,44.5,47.3,43.4,41.6,44.3,37.1,52.8,31,324.4,33.3,34.9,37.5,40.8,,
2026-1-10 18:30:00,44.9,44.3,47.8,42.3,40.7,44,37.2,52.4,31.1,-1.8,32.9,34.4,37.2,41.1,,
2026-1-10 18:40:00,45.1,44.3,46.8,41.4,40.7,43,37,52.3,31.4,316.8,32.8,34.4,37.3,40.7,,
2026-1-10 18:50:00,45.1,44.3,46.8,41.4,40.7,43,37,52.3,31.4,316.8,32.8,34.4,37.3,40.7,此时间点无数据,
2026-1-10 19:00:00,45.1,44.3,46.8,41.4,40.7,43,37,52.3,31.4,316.8,32.8,34.4,37.3,40.7,此时间点无数据,
2026-1-10 19:10:00,45.1,44.3,46.8,41.4,40.7,43,37,52.3,31.4,316.8,32.8,34.4,37.3,40.7,此时间点无数据,
2026-1-10 19:20:00,43.6,43.1,46.1,41,39.4,40.8,36.2,50.5,29.9,307.5,32.1,33.8,36.4,40.2,,
2026-1-10 19:30:00,43.4,42.2,46.2,39.5,38.6,41.4,36.5,50.6,29.6,297.3,32.3,34,36.7,40.2,,
2026-1-10 19:40:00,43.1,42,45.9,39.9,38.9,39.9,36.2,50.2,30,203.4,31.8,33.6,36.3,40.4,,
2026-1-10 19:50:00,42.7,42.1,45.3,39.1,38.2,40.5,36,49.8,29.2,186.3,32.1,33.1,36.2,39.9,,
2026-1-10 20:00:00,42.6,42.1,45.4,38.9,37.6,39.4,35.5,49.4,28.8,224.7,32,33.1,35.8,39.8,,
2026-1-10 20:10:00,42.3,41.9,44.8,37.8,37.3,39.5,36,49.2,29,175.5,32,32.9,36.1,40.3,,
2026-1-10 20:20:00,42.1,41.2,44.4,38.6,37.4,38.2,35.6,49.6,29.1,160.2,31.4,33.2,35.6,40.1,,
2026-1-10 20:30:00,42.4,41.4,44.7,38,37.1,38.1,35.6,49,29,175,31.2,32.8,36,39.5,,
2026-1-10 20:40:00,42,40.7,44,36.5,36.1,38.2,35.7,49.1,27.9,131,31.1,32.9,35.8,39.9,,
2026-1-10 20:50:00,41.7,40.8,44.6,36.2,35.6,37.8,35.1,48.2,27.7,116.7,30.9,32.6,35.7,39.7,,
2026-1-10 21:00:00,41.7,40.7,43.5,36.3,35.8,37.9,35.4,48.6,27.5,113,31.2,32.1,35.6,39.8,,
2026-1-10 21:10:00,41.6,39.8,43.4,36.4,34.8,37.8,34.8,47.7,27.7,159,31.4,32.4,35.7,39,,
2026-1-10 21:20:00,41,40.2,43.7,35.4,35.5,36.5,34.7,47.8,27.2,197.6,31.1,31.9,35.1,39.2,,
2026-1-10 21:30:00,40.5,39.5,43.5,35.2,34.7,37.2,34.8,47.7,27.1,155.3,31.2,32.2,34.9,38.9,,
2026-1-10 21:40:00,40.8,39,43.6,34.9,33.7,36.8,34.7,47.1,26.8,159.2,31,31.9,35.4,38.9,,
2026-1-10 21:50:00,40.4,39.9,42.8,34.6,34.5,35.9,34.9,47.1,27.6,167.6,30.8,31.7,35.1,39.3,,
2026-1-10 22:00:00,40.3,39.6,42.8,34.2,33.9,35.1,34.9,47.5,27.1,71.4,30.9,31.7,35.1,38.8,,
2026-1-10 22:10:00,40.1,39.5,42.6,34.3,34.2,35.5,34.7,47,26.6,0,30.6,31.4,34.7,38.8,,
2026-1-10 22:20:00,39.9,39.1,42.9,34.5,33.8,35.4,34.4,46.8,26.4,48,30.5,31.6,34.6,38.8,,
2026-1-10 22:30:00,39.3,38.8,42.4,33.5,33.6,35.7,34.1,46.5,26.5,0,30.2,31.8,34.9,38.7,,
2026-1-10 22:40:00,39.3,38.9,42.9,33.7,33.6,35.1,34.4,46.4,26,119.4,30.5,31.2,34.9,38.7,,
2026-1-10 22:50:00,39.9,38.9,42.7,33.8,32.4,34.9,33.9,46.4,26,127.6,30.6,30.9,34.6,39,,
2026-1-10 23:00:00,39.7,38.9,42.8,33.2,32.3,34.6,34.5,46.8,26.2,-1.8,29.9,31.2,34.8,38.4,,
2026-1-10 23:10:00,38.9,38.2,42,33,33,33.9,34.1,46.2,26.6,42.7,30.3,31.4,34.5,38.5,,
2026-1-10 23:20:00,39.5,38.1,42.3,33.6,32.9,34.3,34.4,46.5,26.2,64.4,29.8,31.2,34.2,38.5,,
2026-1-10 23:30:00,39.1,38.4,41.7,32.7,32.9,34.6,34.1,46,26.3,45.5,30.3,30.9,34.2,38.4,,
2026-1-10 23:40:00,39.3,37.9,42.4,32.6,32.3,34.4,33.7,45.7,26,42.5,30.2,31.3,34.9,38.6,,
2026-1-10 23:50:00,38.9,37.4,42.3,33.2,31.8,34.1,34.2,46.3,25.7,27.2,29.7,30.9,34.7,38.3,,
2026-1-11 0:00:00,39.1,38.5,42.3,33.3,32.3,34.6,34.3,45.8,25.6,-1.8,30.1,31,34.7,38.6,,
2026-1-11 0:10:00,39.1,37.5,42.1,32.7,31.4,34.3,34.3,45.5,26.1,61.4,30.2,31.1,34.7,38.8,,
2026-1-11 0:20:00,38.7,37.5,42.2,32.4,32.5,33.9,34.2,46.1,26.4,100.4,29.7,31.2,34.7,38.4,,
2026-1-11 0:30:00,39.2,37.8,42.3,33.5,32.5,33.3,34.2,45.9,26.1,83.8,29.8,30.7,34.5,38.1,,
2026-1-11 0:40:00,39,37.5,41.7,32.8,31.9,33.8,34.3,45.6,25.7,68,30.1,30.6,34.1,38.6,,
2026-1-11 0:50:00,38.7,38.5,42.4,32.7,31.9,33.2,34.3,46.4,25.7,56.9,29.7,31.2,34.7,38.4,,
2026-1-11 1:00:00,39.2,38.5,42,32.7,32.6,33.6,34.1,46.3,26.5,84,30.3,31,34.8,38.2,,
2026-1-11 1:10:00,39.5,38.4,42.4,33.2,31.5,34.2,33.7,46.5,26.4,90,29.9,30.9,34.4,38.7,,
2026-1-11 1:20:00,38.7,38.4,41.7,33.1,32.2,34.5,34.2,46.2,26.2,-1.8,30.1,31.1,34.3,38.3,,
2026-1-11 1:30:00,39.6,37.7,42.4,33.1,32.2,34.5,33.8,46.1,25.6,121.4,30.3,31,34.7,38.8,,
2026-1-11 1:40:00,39.2,37.9,42.6,33.2,32.6,33.7,33.8,46,26.3,135.5,29.9,31.3,34.2,38.3,,
2026-1-11 1:50:00,39.4,38.6,42.8,33,32.1,35.3,33.8,46.4,25.8,49.4,30.5,31.4,35,38.5,,
2026-1-11 2:00:00,39.9,38.8,42.9,34,33.1,33.9,34.5,46.6,26.4,109.9,30.1,30.9,34.5,38.9,,
2026-1-11 2:10:00,39.9,38.3,42.4,33.2,33.2,35.5,34.5,46.1,26,130.1,30,31.2,34.9,38.5,,
2026-1-11 2:20:00,40,38.3,43,34.5,32.9,34.5,34.1,46.3,26.1,124.1,30.5,31.1,35.1,39,,
2026-1-11 2:30:00,39.9,38.3,42.6,34.3,32.8,35,34.2,46.9,26.6,172.9,30.5,31.6,34.5,38.4,,
2026-1-11 2:40:00,40.1,38.7,43.3,34.1,32.6,35.1,34.8,46.5,26.8,184.4,30.2,31.6,34.8,38.6,,
2026-1-11 2:50:00,40.3,39.6,43.3,33.9,32.8,36.3,34.4,47.4,27.1,130.6,30.5,31.9,34.9,38.6,,
2026-1-11 3:00:00,40.3,39.2,43,35.4,33.3,36.5,34.3,46.7,27.2,-1.8,30.4,31.6,34.8,38.9,,
2026-1-11 3:10:00,40.5,38.9,43.4,35.3,33.3,36.1,34.3,47.5,27.6,161.8,30.5,32.2,35.2,39.1,,
2026-1-11 3:20:00,40,39.2,42.8,35.9,34.4,36,34.6,47.3,27.2,178,30.4,31.8,35.5,39.4,,
2026-1-11 3:30:00,40.7,39.6,43.2,35.5,34.7,36.7,35.1,47.7,27.4,194.8,31.2,32.2,35.3,39.2,,
2026-1-11 3:40:00,40.6,39.4,43.4,36.1,34.8,37,34.9,48.2,27.6,154.5,31,32.2,35,39.4,,
2026-1-11 3:50:00,41.4,40.3,43.8,35.7,34.4,36.6,35.1,48.2,27.3,168.5,31.3,31.9,35,39.2,,
2026-1-11 4:00:00,41.6,39.8,43.3,35.9,34.9,37.2,34.9,48.2,27.4,258.9,31.1,32.1,35.5,39.2,,
2026-1-11 4:10:00,41,41,44.2,36.1,35.7,38.3,35.1,48.6,27.7,209.7,31.4,32,35.9,39.1,,
2026-1-11 4:20:00,41.6,40.1,44.3,37.6,35.6,37.6,35.5,48.8,28.5,311.8,31.2,32.6,35.8,39.7,,
2026-1-11 4:30:00,42.1,40.6,44.8,37.9,36.4,38.9,35.3,48.4,28.8,302.2,31.8,32.8,36,39.7,,
2026-1-11 4:40:00,41.6,41.6,44.4,37.2,36.4,39,35.1,49.2,28.3,241.6,31.7,32.6,36,39.7,,
2026-1-11 4:50:00,42.1,41.1,45.2,38.5,36.9,39.1,35.3,49.1,29.2,247.6,31.8,33.1,35.6,39.6,,
2026-1-11 5:00:00,42.5,41.7,45.3,38,37.5,39.7,36.1,49.3,28.7,292.2,31.8,32.7,35.8,39.8,,
2026-1-11 5:10:00,43.1,41.8,44.7,38.3,38.2,39.9,36,50.2,28.9,321.4,31.7,33.5,35.9,39.9,,
2026-1-11 5:20:00,42.8,41.9,45.1,39.4,37.8,40.7,35.6,49.4,29.6,340.1,31.8,33.3,36.4,40.2,,
2026-1-11 5:30:00,43.3,41.6,45.3,39.3,37.8,40.7,36.2,50.5,29,314.1,32.2,33.6,36.1,40.4,,
2026-1-11 5:40:00,43,42.2,46.1,40.2,39.2,40.5,36,50,29.6,311.1,32.5,33.4,35.9,40.1,,
2026-1-11 5:50:00,43.7,43.2,45.6,40,39.5,40.6,36.1,50.4,29.4,411.9,32.7,33.9,36.4,40.5,,
2026-1-11 6:00:00,43.4,42.3,45.7,39.7,39.7,41.9,36.4,50.6,30.5,393.1,32.7,34.1,36.4,40.5,,
2026-1-11 6:10:00,44.3,43.4,46.8,40.9,39.9,41.9,36.6,51.1,30.1,452.6,32.6,33.7,36.5,40.6,,
2026-1-11 6:20:00,44.8,43.8,46.5,40.7,40.1,42.2,36.9,51.4,30.8,426.3,32.6,34,37,40.8,,
2026-1-11 6:30:00,44.4,43,46.9,41.4,39.8,42.8,37,51.9,30.8,417,32.4,34.4,36.7,40.9,,
2026-1-11 6:40:00,44.4,43.3,47.4,41.1,41.1,43.4,37.1,51.3,31.2,474.2,32.8,34.1,36.5,41.2,,
2026-1-11 6:50:00,45.5,44.1,47.2,41.9,40.9,43.1,37.3,52,30.9,496.7,33.1,34.2,36.8,41.2,,
2026-1-11 7:00:00,45.3,43.9,47.4,42.2,41.6,42.5,37,51.9,30.7,476.8,32.7,34.6,37.1,41.1,,
2026-1-11 7:10:00,45.8,44.1,47.3,43.3,41,43.4,37.6,52.8,31.3,531.1,32.9,35.1,37,40.8,,
2026-1-11 7:20:00,45.6,44.9,47.4,43.1,42.4,43.8,37.1,52.5,31.5,460.5,33,34.8,37.1,41.3,,
2026-1-11 7:30:00,46.1,45,47.3,43.6,42.6,44.3,37.3,53.1,31.5,0,33.6,35.3,37.1,41.1,,
2026-1-11 7:40:00,46,45.2,47.3,43.7,43,45.4,37.8,52.7,31.6,573.4,33.8,35.1,37.9,41.6,,
2026-1-11 7:50:00,46.8,45.5,47.7,44.4,43.5,45.6,37.9,53.8,32.1,0,33.8,35.3,37.5,41.7,,
2026-1-11 8:00:00,46.8,45.7,48.6,44.5,43,45.5,37.9,53.4,32.5,486.3,33.8,35.4,37.4,41.4,,
2026-1-11 8:10:00,46.8,46,48.3,44.8,43.2,45.4,38.2,53.9,32.5,551.3,33.9,35.6,37.6,41.8,,
2026-1-11 8:20:00,47.4,45.6,48.9,44.3,43.6,46,37.9,54.1,32.6,-1.8,34.1,35.3,38.1,41.9,,
2026-1-11 8:30:00,47.2,46.1,48.2,45.6,43.9,45.3,38.1,54.2,33.1,-1.8,34.4,36.1,38,41.7,,
2026-1-11 8:40:00,47.7,46.4,48.4,44.7,44.8,46.8,38.3,54,32.8,554.9,33.9,35.6,37.8,41.5,,
2026-1-11 8:50:00,47,46.4,49.2,45.8,44,47.4,38.2,54.8,32.8,588.4,34,35.6,37.7,41.6,,
2026-1-11 9:00:00,47.2,46.9,49.6,45.5,45.5,47.3,38.6,54.1,32.9,606.1,34.3,36,38.1,41.9,,
2026-1-11 9:10:00,47.3,46.5,49.1,46.1,45.3,46.4,38,54.7,33.7,579.1,34.5,35.8,38.3,41.8,,
2026-1-11 9:20:00,47.9,46.3,49.5,46.9,45.1,46.8,38.7,54.7,33.2,614.2,34.1,36.4,38.2,41.9,,
2026-1-11 9:30:00,47.8,46.5,49.5,47,45.5,47.9,38.1,55.2,33.5,587.4,34.9,36.6,38,42.4,,
2026-1-11 9:40:00,48.5,46.9,49.7,46.7,46,48.2,38.2,55.5,34,617.2,34.7,36,38.5,42.4,,
2026-1-11 9:50:00,48,47.9,50.1,46.8,45.6,48.6,38.4,55.6,34,633.7,34.9,36.2,38.3,42,,
2026-1-11 10:00:00,48.6,47.8,49.8,46.4,46.2,47.9,38.6,55.1,33.5,654.5,34.5,36.1,38.5,42.3,,
2026-1-11 10:10:00,48.3,46.9,50.1,47,45.6,47.9,38.7,55,34.1,619.1,34.4,36.2,38.3,42.8,,
2026-1-11 10:20:00,48.7,47.8,50.4,47.4,45.8,49,38.8,55.6,33.8,654.5,34.5,36.8,38.6,42.5,,
2026-1-11 10:30:00,48.6,47.7,50.4,47.3,47,48.3,38.6,55.5,33.7,637.7,34.5,36.8,38.3,42.4,,
2026-1-11 10:40:00,48.7,48.2,49.8,48.2,47.1,49.2,38.8,56.2,34.6,721.2,35.1,36.5,38.9,42.4,,
2026-1-11 10:50:00,48.5,48,49.8,48,46.7,48.8,38.9,55.3,34.2,626,35.2,37,38.9,42.3,,
2026-1-11 11:00:00,48.4,47.7,50.7,48,47.4,48.5,38.7,55.9,33.8,642.8,34.7,36.7,38.8,42.8,,
2026-1-11 11:10:00,49.2,47.7,50.7,47.3,47,48.1,39.1,55.8,33.9,733.1,34.9,36.9,38.7,42.2,,
2026-1-11 11:20:00,49.1,47.7,50.2,47.2,46.5,49.2,38.7,56.1,34.5,0,35,36.7,38.7,42.4,,
2026-1-11 11:30:00,48.6,47.4,50.8,47.2,47.3,49.3,38.7,55.6,33.8,-1.8,35.2,36.7,38.9,42.2,,
2026-1-11 11:40:00,48.5,47.8,49.7,47.5,47.2,48.2,38.6,56,34.6,681.6,34.7,36.9,38.7,42.8,,
2026-1-11 11:50:00,49.2,47.4,50.7,47.6,46.6,48.5,39.3,55.8,34.2,645.3,34.8,36.8,38.4,42.4,,
2026-1-11 12:00:00,49,47.5,49.7,48.2,46.4,48.4,39,55.6,34.4,708.4,35.2,36.6,38.9,42.5,,
2026-1-11 12:10:00,49,47.9,50.5,48.1,47.1,48.8,38.7,56.2,33.7,-1.8,35.1,36.8,38.9,42.4,,
2026-1-11 12:20:00,49.1,48,49.8,47.9,46.4,48.7,39.2,55.7,34.5,666,35,36.9,38.9,42.4,,
2026-1-11 12:30:00,48.5,48.2,50.5,47,47.1,49.2,39.1,55.5,34,729.5,34.9,36.5,38.9,42.2,,
2026-1-11 12:40:00,48.8,47.4,50.6,47.7,46.3,48.5,38.9,55.9,34.4,739.8,34.5,37,38.2,42.2,,
2026-1-11 12:50:00,48.4,47.2,49.6,47.2,46.8,48.4,38.6,55.3,33.7,639.2,34.5,36.7,38.4,42.4,,
2026-1-11 13:00:00,49,48,50.2,46.7,45.8,47.9,38.7,55.7,33.7,682.9,35,36.6,38.5,42.2,,
2026-1-11 13:10:00,48.1,47.4,49.6,46.8,46.2,48.7,38.7,55.4,33.7,0,34.9,36.4,38.1,42.7,,
2026-1-11 13:20:00,48.1,47.6,50.1,47.6,46.1,47.4,38.7,55,33.7,622.1,34.7,36.6,38.6,42.4,,
2026-1-11 13:30:00,48.4,47.8,49.9,46.3,46,47.5,38.9,55,33.8,629.3,34.3,36.2,38.6,42.2,,
2026-1-11 13:40:00,47.6,46.6,49.1,46,46.3,47.4,38.3,55.6,33.3,631.7,34.3,36.5,38,42.7,,
2026-1-11 13:50:00,47.6,46.5,49.1,46.6,45.8,47.9,38.3,55.5,33,662.5,34.6,35.9,38.3,42.4,,
2026-1-11 14:00:00,47.7,46.3,49.6,46.4,45.5,47.3,38.6,60.9,33.6,700.1,34.6,35.9,38,42.1,,
2026-1-11 14:10:00,47.3,46.9,49.3,45.8,44.6,46.7,38.5,66.4,33.7,648.6,34.6,36.2,38.4,41.8,,
2026-1-11 14:20:00,47.8,46.5,48.8,46.3,45.1,46.2,38.5,59.5,32.9,594.6,33.9,35.7,37.8,41.7,,
2026-1-11 14:30:00,47.1,46.4,49,45.5,44.8,46,38.5,61,32.9,659.9,34.5,36,38.1,42.3,,
2026-1-11 14:40:00,46.9,46.2,49.2,45.6,43.7,46.8,37.9,62.1,32.9,614.3,34.4,35.8,38.1,41.5,,
2026-1-11 14:50:00,47,46.1,48.3,45.2,43.4,46,37.7,60.1,32.7,571.5,34.3,35.3,37.8,41.6,,
2026-1-11 15:00:00,46.3,45.3,48.4,44.4,44,45.7,37.5,61.7,32.3,0,33.7,35.3,37.5,41.4,,
2026-1-11 15:10:00,46.9,46.1,48.1,44.3,43.8,45.4,37.4,59.1,32.3,625.1,33.8,35.3,37.5,41.3,,
2026-1-11 15:20:00,46.5,45.9,48.5,44.6,43.6,44.7,37.8,64.1,31.8,0,34.1,35.5,37.7,41.7,,
2026-1-11 15:30:00,46.2,44.9,48.1,43.2,42.7,43.9,37.8,61.8,31.7,560.4,33.8,35.1,37.7,41.2,,
2026-1-11 15:40:00,45.4,44.8,47.9,43.9,42.2,44.4,37.1,61.8,31.7,515.6,33.2,34.7,37.7,41.7,,
2026-1-11 15:50:00,45.7,45.2,48.1,42.7,42.2,43.7,37.2,62.9,31.8,546.2,33.6,35,37.5,41.1,,
2026-1-11 16:00:00,45.4,44.1,47.5,42.1,41.2,43.2,36.9,52.7,31,505.5,33,34.7,37.3,41.1,,
2026-1-11 16:10:00,45.1,44.4,46.6,41.7,41.3,43.4,37.3,51.9,31.1,486.1,33.5,34.4,36.8,40.9,,
2026-1-11 16:20:00,45.1,44.4,46.7,41.7,40.6,42.5,36.9,51.6,31.4,-1.8,32.9,34.7,37.3,40.7,,
2026-1-11 16:30:00,44.7,43.9,46.5,42,40.8,42.1,36.5,51.2,31,501.2,32.4,34.5,36.6,41.1,,
2026-1-11 16:40:00,44.7,43.7,46.3,40.4,39.7,42.3,36.7,51.4,30.7,522.7,33,33.9,36.6,41,,
2026-1-11 16:50:00,44.1,43.6,46.6,40,39.7,41.2,36.9,51.2,30.6,495.4,32.7,34.3,36.5,40.6,,
2026-1-11 17:00:00,44,42.4,46.2,40.9,39.7,41.6,36.8,50.6,29.8,449.1,32.1,34.2,36.7,40.9,,
2026-1-11 17:10:00,43.2,42.3,45.7,39.4,39,40.5,36.5,50.2,29.9,492.8,32.1,34.1,36.4,40.1,,
2026-1-11 17:20:00,43.5,42.3,45,39,38.1,41.2,36,50.4,29.5,481.5,32.5,33.6,36.2,40.6,,
2026-1-11 17:30:00,43.1,42.6,45.7,38.6,37.7,40,36.1,49.9,29.3,-1.8,32,33.3,36.1,40.3,,
2026-1-11 17:40:00,43.2,42.3,44.6,39.2,38,39.5,35.7,50.1,29.1,406,32.2,33.5,36.2,39.7,,
2026-1-11 17:50:00,42.8,41.5,44.8,38.1,37.4,39.2,35.9,49.3,29.3,434.8,31.5,32.9,35.9,40,,
2026-1-11 18:00:00,42.2,41.5,45,38.5,36.5,39.5,36,48.8,28.8,360.2,31.7,32.7,35.9,39.9,,
2026-1-11 18:10:00,41.6,41.3,44.4,38,36.8,39,35.9,48.8,28.6,370.5,31.7,32.5,35.5,39.8,,
2026-1-11 18:20:00,41.3,41.1,44.6,37.1,36.5,37.4,35.5,49.1,28.4,336.6,31.6,32.4,35.3,39.5,,
2026-1-11 18:30:00,41.3,40.8,44.1,36,35.5,37.5,35.4,48,28.3,323.5,31.6,32.8,35.9,39.6,,
2026-1-11 18:40:00,41.4,39.6,43.4,36.6,35.2,36.8,34.9,48.3,27.9,323,30.8,31.9,35.3,39.4,,
2026-1-11 18:50:00,40.5,39.8,43.3,36,34.8,36.5,35.2,47.7,27.3,361.2,31.2,32.2,34.9,39.3,,
2026-1-11 19:00:00,41,39.1,43.4,34.9,34.7,36.6,35.2,47.7,27.1,308,30.7,32,35.4,39.5,,
2026-1-11 19:10:00,40.4,38.8,42.6,35.7,33.9,36,34.5,47.8,26.7,243.6,30.8,32,35,39.3,,
2026-1-11 19:20:00,40,38.5,43.2,34.7,33.6,35.6,34.5,47.3,26.4,240.6,30.8,31.5,34.9,38.7,,
2026-1-11 19:30:00,40.2,38.4,43.1,34.7,32.6,35.6,34.4,46.6,27,250.2,30.2,31.6,34.6,38.9,,
2026-1-11 19:40:00,39.3,38.8,43.1,34.1,32.3,35.4,34.7,46.6,26.9,207.7,30.2,31.4,34.9,38.7,,
2026-1-11 19:50:00,39.3,38.5,42.9,34.2,32.2,33.8,34.4,45.9,26.3,200.5,29.9,31.4,34.9,38.3,,
2026-1-11 20:00:00,38.6,38.3,42,33,31.6,33.7,34.4,46.3,26,175,29.8,31.2,34.2,38.8,,
2026-1-11 20:10:00,39.2,38.2,41.7,32.8,32.5,34.4,33.8,45.9,26,238,29.8,30.6,34.6,38.2,,
2026-1-11 20:20:00,38.3,37.7,41.9,32.9,31.2,34,33.5,46.1,25.4,0,29.4,30.6,34.4,38.7,,
2026-1-11 20:30:00,38.1,37.6,41.8,31.7,30.5,32.5,33.6,45,25.1,164.7,29.4,30.5,34.1,37.9,,
2026-1-11 20:40:00,38,37.1,40.8,31.7,31.1,33.3,34,45,25.8,165.7,29.7,30.3,34,38,,
2026-1-11 20:50:00,37.7,36.4,40.7,31.6,30.9,32.2,33.6,45.4,25.1,163.7,29.5,30.1,34.2,37.7,,
2026-1-11 21:00:00,38.3,36.5,41.3,30.9,29.7,32.2,33.8,44.4,25.1,130,29.3,29.9,33.6,38.3,,
2026-1-11 21:10:00,37.8,36.3,40.7,31.2,30.3,32.3,33.5,44.2,25,0,28.9,30.4,34.2,38.1,,
2026-1-11 21:20:00,37.1,36.1,41.3,31.3,29.1,31,32.9,44.3,25.2,133.9,29,30,34.1,38.2,,
2026-1-11 21:30:00,37.3,36.2,40.1,30.8,29.3,31.6,33.2,44.4,25,175.9,29.1,30.2,33.4,37.9,,
2026-1-11 21:40:00,37,35.9,40.1,30.4,29.8,31.5,32.9,44.3,24.8,94.5,29.4,30.3,33.9,37.6,,
2026-1-11 21:50:00,37.4,36.3,40.3,29.4,29.2,31,33,44.1,24.5,88.5,28.9,30,33.9,37.3,,
2026-1-11 22:00:00,36.5,35.9,39.7,30.3,29.1,30.3,33.2,43.7,23.8,75.5,29,29.9,33.9,37.5,,
2026-1-11 22:10:00,36.9,36,40.3,29,28.3,30.6,33.2,43.3,23.6,105.8,29.1,29.4,33.2,37.8,,
2026-1-11 22:20:00,36.6,35.4,40,29.4,29,29.9,32.7,43.8,24.4,0,28.6,29.6,33.7,37.4,,
2026-1-11 22:30:00,36.2,36,39.8,28.8,28,30.7,32.6,43.1,23.8,134.8,28.9,29.8,33.1,37.4,,
2026-1-11 22:40:00,36.3,35.2,40,29.5,27.5,30.3,32.3,43.5,24,129.9,28.4,29.5,33.2,37.7,,
2026-1-11 22:50:00,36.4,35.2,40.3,28.8,28.2,29.6,32.9,42.8,23.3,112.2,28.8,29.3,33.6,37,,
2026-1-11 23:00:00,36.4,34.9,39.7,29.3,27.7,30.2,32.3,43.1,23.6,31,28.2,29.5,33.4,37.6,,
2026-1-11 23:10:00,36.2,35.4,39.7,28.2,27.9,29.5,32.9,43.3,23.6,123.6,28.6,29.6,33.7,36.9,,
2026-1-11 23:20:00,36.4,35.5,39.4,29,27.6,29.3,32.5,43.2,23.8,0,28.4,29.5,33.7,37,,
2026-1-11 23:30:00,36.2,35,39.3,28.7,28.2,29.7,32.7,42.8,23.1,106.5,28.7,29.3,33.5,36.9,,
2026-1-11 23:40:00,35.6,35.4,39.6,28.7,27.5,29.8,32.2,43.5,23.9,92.4,28.9,29.6,33,37.3,,
2026-1-11 23:50:00,35.9,34.7,39.3,28.3,27,29.8,32.5,43.4,23.1,73.3,28.2,29.6,33.2,37.1,,
,,,,,,,,,,,,,,,,
